Date,Open,High,Low,Close,Volume
4/6/2016,53.42789752,53.42789752,32.65037457,49.68792772,9391045
4/7/2016,48.67876994,50.45965197,45.23559204,46.60096541,2209757
4/10/2016,45.17623366,48.55998788,42.20805341,42.92041928,4613641
4/11/2016,43.92957706,46.83846423,43.92957706,45.0575169,2115396
4/12/2016,44.52322617,45.3543088,41.85183782,42.14869503,2318608
4/13/2016,42.50484532,42.50484532,38.88365757,39.06173272,2594658
4/17/2016,39.1210911,42.38612855,37.69635935,41.37690548,1839808
4/18/2016,41.55504592,42.02991297,38.46808361,38.76487551,1864367
4/19/2016,38.76487551,39.35852462,36.62777789,36.80585304,1871293
4/20/2016,37.16206862,39.00237434,37.04335186,37.34014377,1583545
4/21/2016,37.93379288,40.18967256,37.51821891,39.59602345,2059630
4/24/2016,40.18967256,40.96139681,38.82423389,39.1210911,1562311
4/25/2016,39.23980786,39.59602345,37.10271024,37.34014377,1469642
4/26/2016,37.45886053,37.69635935,35.38112129,35.79669526,1368397
4/27/2016,35.79669526,36.50906113,33.30338206,34.13446469,1168424
4/28/2016,34.4313219,35.61862012,33.12530691,33.42209882,915043
5/2/2016,32.35358266,32.35358266,30.09770298,30.09770298,1809622
5/3/2016,29.80091108,31.58179311,29.7415527,30.21641974,1041414
5/4/2016,30.3351365,32.2348006,30.15706136,31.22564282,1466640
5/5/2016,31.64115149,34.07510631,31.58179311,33.65959764,1447839
5/8/2016,33.65959764,34.25318145,31.87865031,32.41294104,1444081
5/9/2016,32.05672545,32.59101618,30.69135209,30.86942723,1500726
5/10/2016,31.34435958,31.99736707,31.04756768,31.40371796,854053
5/11/2016,31.52243473,33.95638955,31.52243473,33.42209882,1881611
5/12/2016,33.83767279,34.60939704,32.94716647,33.36274044,1403899
5/15/2016,33.06594853,36.03412878,32.94716647,35.73733688,2263932
5/16/2016,36.09348716,37.16206862,35.91541202,36.09348716,1755728
5/17/2016,36.09348716,37.99315126,35.79669526,37.28078539,1922276
5/18/2016,37.69635935,38.52744199,36.50906113,37.93379288,1613841
5/19/2016,38.58680037,39.59602345,37.75571773,38.1712264,1576186
5/22/2016,37.93379288,39.00237434,37.57764259,38.70551713,1718122
5/24/2016,39.47724138,40.13024887,38.94301595,39.1210911,1431095
5/25/2016,39.18044948,39.59602345,37.63700097,37.8744345,1525464
5/26/2016,37.69635935,38.40872522,36.74649466,37.99315126,1315674
5/29/2016,38.46808361,38.88365757,36.9246351,37.16206862,1502065
5/30/2016,37.93379288,37.93379288,37.10271024,37.51821891,1108681
5/31/2016,37.57764259,38.94301595,37.57764259,38.58680037,1569219
6/1/2016,38.88365757,40.13024887,38.88365757,39.95217373,1928530
6/2/2016,39.83345697,40.24903094,39.1210911,39.59602345,1548195
6/5/2016,39.65538183,40.07089049,38.40872522,38.52744199,1314257
6/6/2016,38.52744199,38.52744199,37.69635935,37.8744345,907046
6/7/2016,37.69635935,37.69635935,36.50906113,36.68713627,1283432
6/8/2016,37.16206862,37.99315126,36.98399348,37.81507611,561033
6/9/2016,37.8744345,38.58680037,37.75571773,38.11186802,1046328
6/12/2016,38.52744199,39.29916624,38.46808361,38.76487551,1290740
6/13/2016,38.88365757,39.06173272,37.75571773,37.81507611,1052006
6/14/2016,38.46808361,38.46808361,37.34014377,37.75571773,1113498
6/15/2016,38.46808361,39.1210911,38.29000846,38.58680037,1101910
6/16/2016,38.82423389,40.01153211,38.64615875,39.59602345,2118139
6/19/2016,40.01153211,40.60518122,39.417883,39.71474021,1372832
6/20/2016,40.24903094,40.30838932,37.63700097,37.81507611,2004373
6/21/2016,37.99315126,37.99315126,37.28078539,37.51821891,735228
6/22/2016,37.69635935,37.8744345,36.98399348,37.04335186,732510
6/23/2016,37.45886053,37.57764259,36.86521142,36.98399348,562989
6/26/2016,37.04335186,37.04335186,36.27162761,36.44970275,663412
6/27/2016,36.56841951,37.45886053,36.56841951,37.221427,454719
6/28/2016,37.51821891,37.57764259,36.86521142,37.10271024,431621
6/29/2016,37.39950215,38.1712264,37.221427,37.45886053,779768
6/30/2016,37.57764259,37.81507611,37.28078539,37.39950215,449732
7/10/2016,37.28078539,37.28078539,36.86521142,37.10271024,336345
7/11/2016,37.16206862,37.81507611,37.16206862,37.28078539,453973
7/12/2016,37.39950215,37.63700097,37.221427,37.28078539,514004
7/13/2016,37.39950215,37.75571773,37.16206862,37.28078539,509607
7/14/2016,37.39950215,38.46808361,37.16206862,38.34936684,993450
7/16/2016,38.46808361,38.52744199,37.57764259,37.81507611,627147
7/17/2016,37.81507611,37.8744345,37.221427,37.28078539,631236
7/18/2016,37.221427,37.69635935,36.68713627,36.9246351,726271
7/19/2016,36.9246351,37.221427,36.74649466,36.80585304,459440
7/20/2016,36.86521142,37.04335186,36.56841951,36.74649466,340799
7/21/2016,37.04335186,37.221427,36.27162761,36.50906113,610225
7/24/2016,36.74649466,36.98399348,36.33098599,36.44970275,269554
7/25/2016,36.50906113,36.68713627,35.85605364,35.9747704,474894
7/26/2016,35.6779785,36.9246351,35.6779785,36.74649466,585566
7/27/2016,36.62777789,36.9246351,36.09348716,36.15284555,303618
7/28/2016,35.85605364,36.21220393,35.79669526,35.85605364,272004
7/31/2016,35.9747704,36.03412878,33.36274044,33.71895602,750369
8/1/2016,33.7783144,34.66875542,33.54081558,34.19382307,339257
8/2/2016,34.31260513,34.78747218,33.65959764,33.83767279,368966
8/3/2016,33.95638955,34.01574793,32.76909133,32.94716647,814292
8/4/2016,33.54081558,34.07510631,33.00659015,33.71895602,388638
8/7/2016,33.60017396,33.71895602,32.94716647,33.00659015,359372
8/8/2016,33.06594853,33.54081558,32.94716647,33.06594853,372580
8/9/2016,33.24402368,34.78747218,33.18466529,34.37196352,824867
8/10/2016,34.49068028,34.49068028,33.54081558,33.60017396,281005
8/11/2016,33.60017396,33.83767279,33.06594853,33.24402368,459969
8/14/2016,33.60017396,34.31260513,33.24402368,34.07510631,340647
8/16/2016,34.07510631,34.55003866,33.89703117,34.01574793,340914
8/17/2016,33.83767279,33.95638955,33.42209882,33.54081558,346591
8/18/2016,33.65959764,34.31260513,33.24402368,34.01574793,399639
8/21/2016,34.25318145,35.44047967,34.07510631,34.90618894,887910
8/22/2016,34.96561263,35.32176291,34.07510631,34.37196352,612823
8/23/2016,34.07510631,35.44047967,33.83767279,35.26240453,1080006
8/24/2016,35.55919644,36.80585304,35.55919644,36.39034437,1544563
8/28/2016,36.50906113,36.62777789,35.32176291,35.55919644,765988
8/29/2016,35.55919644,36.44970275,35.08432939,36.33098599,830640
8/30/2016,36.50906113,37.8744345,36.50906113,37.63700097,2336111
8/31/2016,37.63700097,38.34936684,37.16206862,37.34014377,1347254
9/1/2016,37.39950215,39.1210911,37.34014377,38.94301595,2337694
9/4/2016,39.18044948,40.3677477,38.88365757,39.95217373,2853755
9/5/2016,39.77409859,40.90203843,39.35852462,40.72389798,2365744
9/6/2016,39.83345697,43.21721119,39.53666506,42.97977766,3309731
9/7/2016,43.33592795,44.34515103,42.32677017,42.68292046,2036465
9/8/2016,42.80163722,43.8108603,42.20805341,43.45464471,1785285
9/18/2016,43.51406839,43.8108603,42.74227884,42.92041928,818192
9/19/2016,43.03913604,43.92957706,42.14869503,43.69214354,1239609
9/20/2016,43.92957706,45.94795791,43.92957706,45.59180763,1691721
9/21/2016,45.71052439,45.71052439,44.28579265,44.52322617,1559098
9/22/2016,44.52322617,45.3543088,44.04829382,44.22643427,1024877
9/24/2016,44.22643427,44.58258455,42.14869503,42.74227884,774756
9/25/2016,42.80163722,43.27656957,42.26741179,43.03913604,742063
9/26/2016,43.33592795,43.33592795,41.08011357,41.73312106,1713901
9/27/2016,42.32677017,43.03913604,42.08927135,42.44548693,552035
9/28/2016,42.44548693,42.62356208,41.67376268,41.73312106,356209
9/29/2016,42.74227884,43.33592795,41.25818871,41.79247944,3239705
10/2/2016,41.79247944,41.85183782,40.3677477,40.84268005,1291610
10/3/2016,40.6645396,41.19883033,39.18044948,40.07089049,836204
10/4/2016,39.89281535,41.97055459,39.417883,41.37690548,1160556
10/5/2016,41.85183782,42.26741179,41.37690548,41.67376268,878956
10/6/2016,41.55504592,41.97055459,40.72389798,40.90203843,765709
10/9/2016,40.96139681,40.96139681,39.53666506,39.89281535,546286
10/10/2016,40.3677477,41.91119621,40.3677477,41.55504592,1143181
10/13/2016,41.55504592,41.91119621,40.90203843,41.13947195,200863
10/16/2016,41.25818871,42.44548693,41.25818871,41.6144043,1257629
10/17/2016,40.60518122,44.16707588,40.60518122,43.27656957,2760029
10/18/2016,43.51406839,44.04829382,43.03913604,43.87021868,2359078
10/19/2016,44.04829382,47.2539729,44.04829382,45.82924115,3022148
10/20/2016,45.88859953,48.61934626,45.47309087,48.02576245,3753455
10/23/2016,51.05330108,62.33250358,51.05330108,58.53324069,6008743
10/24/2016,58.94874936,64.35094973,58.77067422,60.01733082,3474102
10/25/2016,60.0766892,66.013115,59.1268245,66.013115,4156041
10/26/2016,67.67534557,70.88102465,64.23216767,68.74386173,3574536
10/27/2016,68.86257849,75.33329502,67.49720513,73.43363093,3076598
10/30/2016,74.73964591,77.5891747,72.54318992,73.43363093,3270543
10/31/2016,68.26899468,71.17781655,66.13183176,66.42868897,2618009
11/1/2016,66.30990691,70.34673392,65.41946589,70.10923509,1456761
11/2/2016,70.82160097,73.43363093,70.16859347,71.17781655,1579694
11/3/2016,71.23717493,72.24639801,69.04071894,70.76224258,1394358
11/6/2016,71.83082404,77.82660823,71.77146566,77.82660823,1914009
11/7/2016,80.14184629,85.48462298,80.14184629,84.178608,2185552
11/8/2016,85.78141488,87.85921942,78.95454807,80.08248791,1683888
11/9/2016,80.14184629,82.39766067,76.63931001,79.96370584,695761
11/10/2016,80.91357054,83.94110917,79.96370584,82.75387625,1365881
11/14/2016,68.26899468,74.1460621,68.26899468,70.64352582,2453798
11/15/2016,71.77146566,73.01812226,65.77568148,66.66612249,1600650
11/16/2016,66.78483926,69.33751084,66.19119015,67.79406233,883924
11/17/2016,67.97213748,68.56578659,65.59754103,67.79406233,805349
11/20/2016,67.49720513,67.97213748,64.70710002,65.47882427,725480
11/21/2016,65.59754103,66.90355602,63.28236828,64.94453354,831086
11/22/2016,65.89439824,68.15021262,65.59754103,66.19119015,699069
11/23/2016,67.31912999,69.10007732,66.9629797,68.80322011,1491136
11/24/2016,70.64352582,73.61177137,68.74386173,73.19619741,2485733
11/27/2016,74.20542048,77.05488397,73.8492049,75.3926534,2154476
11/28/2016,75.3926534,75.86758575,72.8994055,73.25555579,1548386
11/29/2016,73.61177137,74.79900429,71.35589169,71.77146566,1519541
11/30/2016,72.42447315,75.68951061,72.36511477,74.26477887,1238537
12/1/2016,75.3926534,77.05488397,72.6025483,73.19619741,1421888
12/4/2016,73.25555579,74.20542048,70.34673392,70.76224258,1063686
12/5/2016,71.11845817,71.83082404,68.50642821,68.86257849,1182117
12/6/2016,69.4562276,69.93115995,66.84419764,67.14105484,875294
12/7/2016,67.61598719,69.87180157,67.14105484,67.85342071,769030
12/8/2016,68.86257849,68.98136055,66.25054853,67.02233808,853425
12/11/2016,68.26899468,68.50642821,65.47882427,65.83503986,687580
12/12/2016,65.95375662,67.20041322,65.30074913,66.19119015,535788
12/14/2016,67.02233808,67.2597716,64.23216767,64.88517516,880206
12/15/2016,65.59754103,65.83503986,61.91699491,62.74807755,1018269
12/18/2016,63.46044342,64.58838326,61.14527066,63.87601739,988697
12/19/2016,64.70710002,67.43784675,64.70710002,65.24139075,1340116
12/20/2016,65.89439824,65.89439824,62.21378682,62.86679431,753693
12/21/2016,63.5198018,65.30074913,61.62013771,64.64774164,1398817
12/22/2016,65.30074913,66.48804735,63.10429313,63.69794224,1287030
12/26/2016,63.57916018,65.18203237,61.73891977,62.03571167,1068558
12/27/2016,62.62936078,63.5198018,61.44206256,61.73891977,837401
12/28/2016,61.73891977,62.33250358,60.3734811,60.55162155,717553
12/29/2016,61.14527066,61.73891977,59.83925568,60.72969669,796935
1/1/2017,60.96713021,66.48804735,60.96713021,66.25054853,1607071
1/2/2017,67.02233808,67.97213748,64.23216767,64.52902488,1134802
1/3/2017,64.7664584,69.39686922,64.05409253,67.85342071,2579393
1/4/2017,68.26899468,69.4562276,65.7163231,66.25054853,1154780
1/5/2017,66.48804735,68.74386173,65.30074913,65.7163231,1710179
1/8/2017,67.08169646,67.08169646,64.64774164,65.30074913,689467
1/9/2017,65.65689942,67.73470395,65.65689942,67.31912999,1052556
1/10/2017,68.26899468,71.23717493,67.55656351,69.93115995,2800911
1/11/2017,69.75308481,73.13683903,69.39686922,69.63436805,2428510
1/12/2017,69.81244319,70.64352582,66.9629797,67.2597716,1158424
1/15/2017,68.98136055,68.98136055,64.70710002,65.36010751,1581385
1/16/2017,65.59754103,67.08169646,63.5198018,64.35094973,1049475
1/17/2017,64.70710002,66.36933059,62.98551107,63.87601739,1154133
1/18/2017,65.12267399,65.30074913,62.33250358,62.92615269,842688
1/19/2017,63.04486945,65.12267399,62.86679431,64.11345091,661269
1/22/2017,64.94453354,66.90355602,64.82581678,66.42868897,886844
1/23/2017,66.78483926,68.26899468,64.88517516,65.7163231,1215886
1/24/2017,66.42868897,66.48804735,63.69794224,63.93537577,767649
1/26/2017,62.39186196,63.40108504,61.0264886,61.44206256,805729
1/29/2017,61.97635329,64.88517516,61.3233458,64.11345091,857017
1/30/2017,64.88517516,65.65689942,63.5198018,64.7664584,918343
1/31/2017,67.67534557,68.80322011,65.41946589,66.013115,2263548
2/1/2017,66.9629797,66.9629797,64.05409253,64.4696665,868569
2/2/2017,64.4696665,65.7163231,63.04486945,63.34172666,619775
2/5/2017,63.5198018,64.70710002,62.33250358,63.46044342,498535
2/6/2017,63.57916018,64.64774164,63.34172666,64.17280929,350313
2/7/2017,64.23216767,67.02233808,63.816659,66.60676411,1245033
2/8/2017,67.08169646,67.97213748,66.13183176,66.36933059,927238
2/9/2017,66.60676411,66.90355602,65.47882427,66.42868897,713869
2/12/2017,67.31912999,69.33751084,66.90355602,68.32835306,1796473
2/13/2017,68.80322011,72.06825757,68.38771144,71.05909979,2516768
2/14/2017,71.11845817,73.07748064,69.75308481,70.64352582,2048718
2/15/2017,71.11845817,72.30575639,70.04987671,70.46545068,1359444
2/16/2017,70.7028842,74.08663842,70.46545068,73.07748064,1764156
2/19/2017,73.61177137,75.92694413,73.61177137,75.57079385,1967395
2/20/2017,75.98630251,76.28315972,73.31491417,73.49305461,1621182
2/22/2017,73.78984652,75.0958615,73.31491417,74.32413725,1199894
2/23/2017,74.79900429,75.0958615,71.83082404,72.36511477,1462877
2/26/2017,72.42447315,75.68951061,72.42447315,73.67112976,2026831
2/27/2017,74.02728004,74.02728004,71.94954081,72.48383153,1091431
2/28/2017,72.48383153,73.31491417,71.35589169,71.89018242,1190569
3/1/2017,71.89018242,72.6025483,69.93115995,70.22801716,938246
3/2/2017,70.99974141,71.05909979,68.74386173,69.21879408,968917
3/5/2017,70.34673392,72.83998182,69.51558598,72.00889919,944604
3/6/2017,72.72126506,72.95876388,70.58416744,70.94038303,882165
3/7/2017,70.99974141,71.53403214,70.10923509,70.46545068,640860
3/8/2017,70.58416744,70.64352582,69.04071894,69.33751084,850710
3/9/2017,70.34673392,72.36511477,69.57494436,71.17781655,1276749
3/12/2017,71.23717493,71.94954081,69.33751084,69.51558598,748513
3/13/2017,70.04987671,70.22801716,68.56578659,68.80322011,574902
3/14/2017,68.74386173,70.34673392,68.32835306,69.69372643,528345
3/15/2017,70.34673392,71.05909979,69.75308481,70.16859347,754545
3/16/2017,70.16859347,71.17781655,69.4562276,70.46545068,825464
3/19/2017,70.82160097,70.82160097,68.86257849,69.33751084,399897
3/20/2017,70.04987671,70.58416744,69.4562276,69.99051833,435841
3/21/2017,70.28737554,70.28737554,68.68450335,68.98136055,373556
3/22/2017,69.39686922,69.39686922,68.32835306,68.50642821,503809
3/23/2017,68.86257849,68.86257849,67.55656351,67.73470395,377180
3/27/2017,67.67534557,68.74386173,66.78483926,67.73470395,475670
3/28/2017,68.74386173,69.1594357,66.84419764,67.49720513,385589
3/29/2017,67.37848837,69.39686922,66.9629797,68.209571,500807
3/30/2017,67.97213748,69.21879408,67.9127791,68.26899468,287554
4/2/2017,68.86257849,70.4060923,68.32835306,70.10923509,818133
4/3/2017,70.58416744,72.36511477,70.58416744,72.06825757,1790427
4/4/2017,72.72126506,73.07748064,70.88102465,70.99974141,1086274
4/5/2017,71.6527489,71.6527489,69.27815246,69.57494436,981798
4/6/2017,71.23717493,72.42447315,69.51558598,69.63436805,1126995
4/9/2017,69.99051833,70.64352582,68.15021262,68.38771144,424443
4/10/2017,69.1594357,69.75308481,68.38771144,68.98136055,375597
4/11/2017,69.4562276,70.16859347,69.27815246,69.63436805,284473
4/12/2017,69.93115995,71.83082404,69.93115995,71.6527489,1168093
4/13/2017,72.12761595,73.49305461,71.59339052,72.12761595,1410288
4/16/2017,72.42447315,72.42447315,70.58416744,70.82160097,616369
4/17/2017,71.71210728,73.01812226,70.7028842,71.29653331,2347895
4/18/2017,71.29653331,71.53403214,69.33751084,69.57494436,832757
4/19/2017,69.93115995,70.94038303,69.04071894,70.34673392,656568
4/20/2017,70.52480906,70.88102465,69.1594357,69.33751084,503630
4/23/2017,69.1594357,69.1594357,68.26899468,68.44706982,504823
4/24/2017,69.39686922,69.39686922,68.03149586,68.32835306,407889
4/25/2017,68.44706982,70.04987671,68.26899468,68.98136055,533212
4/26/2017,69.1594357,70.64352582,68.80322011,69.75308481,475199
4/27/2017,70.04987671,71.05909979,69.10007732,69.33751084,574281
4/30/2017,69.4562276,69.51558598,68.38771144,68.80322011,385681
5/2/2017,68.92193687,71.59339052,68.92193687,71.35589169,1271874
5/3/2017,71.71210728,72.66190668,70.22801716,70.58416744,820364
5/4/2017,70.64352582,72.24639801,70.58416744,71.77146566,1247315
5/7/2017,71.83082404,74.97714474,71.83082404,74.73964591,3972179
5/8/2017,75.0958615,75.74886899,73.55241299,73.73048814,1313055
5/9/2017,73.96792166,78.59833248,73.49305461,77.70789146,4374553
5/11/2017,78.06404175,80.67607172,77.82660823,77.88596661,3178161
5/14/2017,78.36089896,80.26056305,77.88596661,78.8358313,2527759
5/15/2017,78.95454807,80.08248791,76.75809207,77.23295912,1601233
5/16/2017,77.76724985,82.33830229,77.35167588,81.74465317,2380057
5/17/2017,82.45701905,82.9319514,79.66691394,80.31992143,1553940
5/18/2017,80.7354954,82.04151038,78.77647292,79.54819718,1782904
5/21/2017,79.01390645,81.74465317,78.77647292,81.32907921,1162451
5/22/2017,81.32907921,84.77225711,81.32907921,84.23796638,1801291
5/23/2017,84.29732476,85.18776577,82.81323463,84.05989124,1454790
5/24/2017,84.65354035,84.65354035,82.04151038,82.33830229,703071
5/25/2017,82.81323463,84.05989124,81.32907921,81.982152,1125386
5/28/2017,81.982152,82.69451787,80.14184629,80.97292892,589992
5/29/2017,81.80401156,81.80401156,80.08248791,80.91357054,326680
5/30/2017,80.55735495,84.29732476,80.49799657,83.70367565,1070405
5/31/2017,84.178608,85.78141488,83.64431727,85.06904901,1064570
6/1/2017,84.89097387,85.84077327,83.76303403,85.48462298,683739
6/4/2017,84.89097387,87.50300383,84.77225711,86.96871311,1006290
6/5/2017,87.79979574,87.79979574,84.59418196,85.06904901,889918
6/6/2017,85.12840739,85.78141488,83.76303403,85.36590622,791666
6/7/2017,86.07827209,86.13763047,83.34752536,83.76303403,957490
6/8/2017,83.82239241,84.65354035,83.58495889,83.88175079,496595
6/11/2017,84.23796638,84.23796638,82.10086876,82.45701905,658169
6/12/2017,82.45701905,83.58495889,81.21036245,81.80401156,606246
6/13/2017,82.45701905,82.63509419,81.32907921,81.86336994,451757
6/14/2017,82.45701905,82.51637743,80.67607172,80.7354954,723311
6/15/2017,81.15100406,81.21036245,80.08248791,80.67607172,503729
6/18/2017,81.32907921,81.80401156,80.43863819,80.67607172,392384
6/19/2017,80.7354954,80.85421216,80.14184629,80.49799657,291031
6/20/2017,81.0322873,82.63509419,80.7354954,82.51637743,370674
6/21/2017,82.51637743,83.34752536,81.68529479,82.04151038,285590
6/22/2017,82.51637743,84.00053285,82.51637743,83.16938492,881605
6/28/2017,83.70367565,85.36590622,83.2287433,84.65354035,956097
6/29/2017,85.18776577,88.98709396,83.70367565,88.63094367,2550917
7/2/2017,89.04645234,92.25213142,87.85921942,90.35246732,2251420
7/3/2017,91.12425688,91.12425688,88.80901882,89.34330955,1897069
7/4/2017,87.97793618,89.04645234,87.9185778,88.33408647,1096030
7/5/2017,88.45280323,89.93695866,87.74043736,89.04645234,855614
7/6/2017,88.57158529,93.79564522,88.57158529,92.96449729,1168614
7/9/2017,93.49878802,93.49878802,90.23375056,90.76804129,849781
7/10/2017,91.30233202,91.89598113,89.93695866,90.17439218,873683
7/11/2017,90.35246732,90.76804129,88.45280323,89.10581072,532627
7/12/2017,89.64010145,90.58996615,88.39344485,88.8683772,816683
7/13/2017,88.51222691,89.52138469,87.26557031,87.56236222,1965715
7/16/2017,88.45280323,88.92773558,86.55320444,87.79979574,3614081
7/17/2017,88.80901882,89.52138469,86.90935472,88.57158529,2281692
7/18/2017,88.74966044,90.1150338,88.03729456,89.81824189,2516718
7/19/2017,89.93695866,90.70868291,88.03729456,88.51222691,3219125
7/20/2017,88.57158529,88.57158529,86.61256282,86.79063796,1135796
7/23/2017,86.96871311,87.56236222,85.90019695,86.13763047,479380
7/24/2017,86.07827209,87.50300383,85.90019695,87.08742987,574946
7/25/2017,87.56236222,88.03729456,86.55320444,86.73127958,375615
7/26/2017,87.56236222,87.56236222,86.31570561,87.08742987,416285
7/27/2017,87.14678825,87.26557031,85.84077327,86.13763047,388845
7/30/2017,86.19698885,86.31570561,85.18776577,85.4252646,376680
7/31/2017,86.13763047,86.6719212,85.00969063,85.24718946,425048
8/1/2017,85.48462298,85.90019695,84.65354035,85.18776577,394579
8/2/2017,85.48462298,85.54398136,83.76303403,84.23796638,420369
8/3/2017,84.29732476,86.31570561,84.29732476,85.95955533,497787
8/6/2017,86.19698885,86.6719212,85.06904901,85.30654784,372653
8/7/2017,86.01891371,86.01891371,84.11924962,84.35668314,273281
8/8/2017,84.4753999,84.83161549,83.70367565,84.178608,340216
8/9/2017,84.178608,85.30654784,84.178608,84.77225711,281133
8/10/2017,85.18776577,85.18776577,83.16938492,83.76303403,449928
8/13/2017,83.88175079,84.29732476,82.10086876,82.33830229,317876
8/16/2017,82.33830229,82.69451787,80.91357054,81.09164568,400434
8/17/2017,81.92272832,84.41604152,80.91357054,83.16938492,885099
8/20/2017,84.11924962,85.48462298,82.2789439,82.51637743,478435
8/21/2017,83.58495889,83.58495889,81.09164568,81.26972083,413196
8/22/2017,81.32907921,82.04151038,81.21036245,81.62593641,481960
8/23/2017,81.38850289,82.51637743,80.79485378,81.15100406,533855
8/24/2017,80.67607172,82.81323463,80.67607172,81.26972083,233937
8/27/2017,81.38850289,82.51637743,80.31992143,80.67607172,497305
8/28/2017,80.85421216,83.64431727,80.85421216,82.75387625,574308
8/29/2017,83.05066816,83.40688374,81.44786127,81.62593641,314266
8/30/2017,82.51637743,82.51637743,81.80401156,81.86336994,125212
8/31/2017,81.38850289,82.45701905,81.38850289,81.86336994,202936
9/4/2017,82.75387625,82.75387625,81.50721965,81.74465317,161059
9/5/2017,81.68529479,82.16022714,80.14184629,80.49799657,481226
9/6/2017,80.55735495,80.85421216,79.37005673,79.60755556,447186
9/7/2017,79.25133997,80.14184629,78.30154058,78.71711454,462090
9/10/2017,79.54819718,79.96370584,78.36089896,79.13262321,391123
9/11/2017,79.25133997,79.7856307,78.24218219,78.5389741,194081
9/12/2017,78.59833248,80.7354954,78.59833248,79.37005673,427961
9/13/2017,78.77647292,79.96370584,77.76724985,77.94532499,638581
9/14/2017,78.65769086,78.71711454,76.99552559,77.47045794,374221
9/17/2017,77.76724985,78.65769086,76.10501928,76.81745045,260305
9/18/2017,77.41103426,79.07326483,76.75809207,77.5891747,358945
9/19/2017,77.23295912,78.36089896,75.0958615,75.51143547,322196
9/20/2017,75.86758575,78.89518969,75.51143547,78.47961572,412156
9/21/2017,78.47961572,78.65769086,76.28315972,76.81745045,265832
9/24/2017,76.40187648,77.47045794,74.50221239,75.3926534,147280
9/25/2017,75.3926534,77.47045794,75.15521988,76.99552559,284521
9/26/2017,77.17360074,78.06404175,75.80822737,76.46123486,184414
9/27/2017,77.17360074,77.17360074,74.38349563,74.68028753,233092
9/28/2017,75.57079385,75.57079385,73.73048814,73.96792166,124948
10/2/2017,73.55241299,73.55241299,70.58416744,70.64352582,319964
10/3/2017,71.59339052,73.61177137,71.59339052,72.54318992,167855
10/4/2017,72.83998182,75.92694413,72.83998182,75.33329502,403856
10/5/2017,75.92694413,78.8358313,75.86758575,77.5891747,626387
10/8/2017,78.36089896,79.01390645,77.47045794,78.36089896,519760
10/9/2017,77.52981632,78.95454807,76.52059324,76.99552559,326743
10/10/2017,76.57995163,77.41103426,74.56157077,74.91778636,184136
10/11/2017,75.3926534,75.98630251,73.90856328,74.68028753,274000
10/12/2017,74.79900429,74.79900429,73.31491417,73.90856328,262145
10/15/2017,73.67112976,76.46123486,73.31491417,75.3926534,402532
10/16/2017,76.69866839,77.47045794,74.20542048,74.79900429,361118
10/17/2017,75.3926534,75.3926534,73.49305461,74.73964591,305654
10/18/2017,75.3926534,78.30154058,75.3926534,78.00468337,623088
10/19/2017,78.00468337,79.66691394,76.28315972,76.52059324,480471
10/22/2017,76.52059324,77.76724985,75.33329502,76.63931001,438874
10/23/2017,76.87680883,78.5389741,75.92694413,76.69866839,651553
10/24/2017,76.69866839,77.11424235,72.54318992,73.01812226,624853
10/25/2017,71.29653331,74.02728004,71.29653331,72.66190668,432387
10/26/2017,72.42447315,73.49305461,71.41525008,71.77146566,259863
10/29/2017,71.83082404,72.06825757,69.51558598,69.93115995,260224
10/30/2017,69.57494436,71.05909979,69.4562276,70.10923509,254363
10/31/2017,70.58416744,72.42447315,70.58416744,72.36511477,204260
11/1/2017,72.42447315,73.31491417,71.6527489,72.24639801,247602
11/2/2017,72.36511477,73.07748064,71.83082404,72.12761595,195391
11/5/2017,72.95876388,72.95876388,71.53403214,71.77146566,329984
11/6/2017,71.77146566,74.08663842,71.29653331,73.67112976,396957
11/7/2017,74.08663842,76.46123486,73.43363093,76.16444296,633136
11/8/2017,76.16444296,77.17360074,74.44285401,74.85842798,513721
11/9/2017,75.0958615,75.0958615,73.73048814,73.90856328,316878
11/12/2017,73.78984652,75.21457826,73.73048814,74.08663842,281808
11/13/2017,74.20542048,75.98630251,73.19619741,75.57079385,296095
11/14/2017,74.85842798,76.3425181,74.68028753,75.03650312,504516
11/16/2017,73.13683903,79.60161319,71.76552329,78.49150045,805997
11/19/2017,78.36089896,78.6874027,76.27127498,76.59777873,272739
11/20/2017,76.66307948,77.25078622,75.61826749,75.81416974,289721
11/21/2017,75.87947049,76.72838023,74.76935775,75.0958615,237041
11/22/2017,75.03056075,75.74886899,74.44285401,74.89995925,257852
11/23/2017,75.68356824,77.64259072,75.68356824,76.01007199,203160
11/26/2017,75.42236525,76.40187648,75.29176375,75.55296674,324229
11/27/2017,76.27127498,76.27127498,74.63875626,74.704057,207765
11/28/2017,74.96526,75.3570645,74.24695176,74.37755326,209375
11/29/2017,75.74886899,75.74886899,74.11635026,74.37755326,227902
11/30/2017,74.37755326,75.16116225,74.31225251,74.57345551,113015
12/3/2017,75.0958615,75.0958615,73.98574876,74.11635026,146007
12/4/2017,74.44285401,74.44285401,73.46334277,73.52864352,166232
12/5/2017,73.85514727,73.85514727,72.94093678,73.07153828,117596
12/6/2017,73.13683903,73.78984652,73.00623753,73.20213977,80502
12/7/2017,73.65924502,75.29176375,72.48383153,74.89995925,311221
12/10/2017,75.61826749,76.33657573,74.63875626,74.96526,221711
12/11/2017,75.68356824,80.58112443,75.0958615,78.49150045,1543406
12/12/2017,81.16883117,81.16883117,77.57728997,77.90379371,568282
12/13/2017,78.09969596,78.49150045,75.74886899,76.40187648,390556
12/14/2017,76.40187648,77.70789146,75.55296674,76.33657573,226295
12/17/2017,76.92428248,77.57728997,76.01007199,76.79368098,206822
12/18/2017,78.09969596,78.36089896,76.79368098,77.12018472,237180
12/19/2017,76.92428248,76.92428248,75.226463,76.01007199,299840
12/20/2017,76.07537274,76.14067349,74.8346585,75.29176375,134860
12/21/2017,75.48766599,77.90379371,75.42236525,76.72838023,283662
12/24/2017,75.81416974,76.92428248,74.96526,75.29176375,146572
12/26/2017,75.42236525,76.33657573,75.16116225,75.3570645,61451
12/27/2017,74.8346585,75.3570645,73.92044802,74.24695176,141246
12/28/2017,74.37755326,75.48766599,74.31225251,74.57345551,205877
1/1/2018,75.16116225,75.68356824,74.8346585,75.226463,68498
1/2/2018,75.226463,75.81416974,75.0958615,75.81416974,33549
1/3/2018,77.38138772,79.0792072,77.05488397,78.6874027,984972
1/4/2018,78.5568012,79.47101169,77.70789146,77.96909446,372232
1/7/2018,77.70789146,78.36089896,77.25078622,77.57728997,225597
1/8/2018,75.55296674,77.96909446,75.55296674,77.05488397,140548
1/9/2018,76.79368098,78.62210195,76.79368098,77.25078622,506129
1/10/2018,77.25078622,78.29559821,77.12018472,77.25078622,338410
1/11/2018,78.23029746,78.36089896,77.12018472,77.31608697,156672
1/14/2018,77.05488397,77.57728997,76.07537274,76.72838023,75195
1/15/2018,76.72838023,77.38138772,75.29176375,75.61826749,132117
1/16/2018,75.74886899,77.25078622,75.74886899,76.72838023,157388
1/17/2018,77.31608697,77.31608697,75.87947049,76.79368098,127693
1/18/2018,77.44668847,78.09969596,76.53247798,77.12018472,225373
1/21/2018,77.70789146,77.77319221,76.92428248,77.05488397,150628
1/22/2018,77.05488397,78.29559821,76.85898173,77.38138772,208472
1/23/2018,77.70789146,78.23029746,77.25078622,77.44668847,203083
1/24/2018,77.90379371,77.90379371,76.79368098,76.92428248,117697
1/25/2018,76.98958322,76.98958322,76.53247798,76.79368098,93813
1/28/2018,77.05488397,77.44668847,75.55296674,76.07537274,147266
1/29/2018,75.87947049,77.05488397,75.74886899,76.20597423,97444
1/30/2018,76.46717723,76.46717723,75.16116225,75.226463,106281
1/31/2018,76.07537274,76.07537274,73.52864352,73.92044802,169694
2/1/2018,74.37755326,74.37755326,73.39804202,73.52864352,100113
2/4/2018,73.46334277,73.46334277,69.67589932,71.70022254,262901
2/5/2018,71.83082404,72.41853079,69.93710232,71.43901955,81583
2/6/2018,71.6349218,72.48383153,70.59010981,71.3737188,89429
2/7/2018,70.91661356,71.30841805,70.06770382,70.39420756,99366
2/8/2018,70.26360606,71.04721505,70.19830531,70.72071131,42685
2/11/2018,71.76552329,72.28792929,71.04721505,71.96142554,134606
2/12/2018,72.81033528,73.13683903,71.70022254,71.89612479,124506
2/13/2018,71.70022254,72.48383153,71.2431173,71.5043203,97425
2/14/2018,72.41853079,72.41853079,70.9819143,71.17781655,132671
2/15/2018,71.30841805,71.76552329,70.78601206,70.9819143,60853
2/18/2018,70.85131281,71.70022254,70.52480906,70.65541056,87532
2/19/2018,70.91661356,70.91661356,69.93710232,70.13300457,82357
2/20/2018,70.19830531,70.26360606,68.50048584,68.63108734,210326
2/22/2018,69.47999707,70.13300457,68.17398209,68.69638808,131572
2/25/2018,69.54529782,69.54529782,67.12917011,67.3903731,176118
2/26/2018,67.3903731,68.23928284,65.03954613,65.43135063,148585
2/27/2018,66.41086187,67.2597716,65.88845587,66.01905737,52476
2/28/2018,66.14965887,68.43518509,65.56195213,67.84747835,127857
3/1/2018,67.97807984,69.54529782,66.73736561,69.02289183,128187
3/4/2018,69.15349333,70.00240307,67.9127791,68.23928284,101495
3/5/2018,68.04338059,68.82698958,67.45567385,67.58627535,87572
3/6/2018,67.58627535,69.41469633,67.32507235,69.15349333,124332
3/7/2018,69.34939558,69.47999707,67.3903731,67.58627535,137864
3/8/2018,68.04338059,68.50048584,67.12917011,67.32507235,97839
3/11/2018,67.2597716,67.45567385,66.41086187,66.80266636,138928
3/12/2018,66.67206486,66.67206486,65.17014763,65.43135063,129200
3/13/2018,65.62725288,66.34556112,63.08052366,63.27642591,107016
3/14/2018,63.99473415,64.90894464,63.08052366,63.6682304,85411
3/15/2018,63.21112516,64.51714014,62.55811767,64.0600349,191782
3/18/2018,64.64774164,64.64774164,63.21112516,63.27642591,100500
3/19/2018,63.34172666,63.73353115,62.68871916,63.40702741,70309
3/20/2018,62.81932066,69.67589932,62.42751617,69.08819258,771742
3/21/2018,69.21879408,69.87180157,66.47616261,66.93326786,981311
3/22/2018,66.93326786,67.84747835,65.23544838,66.47616261,224348
3/25/2018,67.5209746,67.7821776,65.62725288,66.08435812,304471
3/27/2018,66.60676411,66.93326786,63.86413265,64.12533565,204649
3/28/2018,64.51714014,66.14965887,63.99473415,64.71304239,137647
3/29/2018,64.97424538,65.69255362,64.45183939,64.84364389,161642
4/1/2018,65.95375662,67.45567385,65.82315512,66.14965887,235418
4/2/2018,66.67206486,68.43518509,66.21495962,67.97807984,295349
4/3/2018,68.36988434,71.1125158,68.36988434,69.28409483,738506
4/4/2018,70.39420756,70.9819143,69.21879408,69.47999707,282735
4/5/2018,69.54529782,70.45950831,68.10868134,70.26360606,283354
4/8/2018,70.00240307,73.65924502,69.87180157,73.26744052,664830
4/9/2018,73.52864352,75.03056075,72.41853079,72.94093678,571727
4/10/2018,72.94093678,73.13683903,70.59010981,70.85131281,252336
4/11/2018,71.6349218,72.09202704,70.32890681,70.65541056,143339
4/12/2018,71.6349218,72.41853079,69.28409483,69.54529782,200017
4/15/2018,69.47999707,69.93710232,68.69638808,69.02289183,89955
4/16/2018,69.41469633,70.39420756,68.50048584,69.61059857,307945
4/17/2018,70.72071131,72.94093678,70.65541056,72.28792929,551635
4/18/2018,71.96142554,72.48383153,71.04721505,72.09202704,309177
4/19/2018,72.35323004,73.72454577,71.5043203,72.09202704,426699
4/22/2018,71.6349218,72.15732779,70.32890681,70.52480906,245295
4/23/2018,70.52480906,71.1125158,69.02289183,69.61059857,227496
4/24/2018,69.87180157,71.96142554,69.21879408,69.47999707,459604
4/25/2018,70.52480906,71.76552329,69.74120007,70.13300457,602578
4/26/2018,70.78601206,72.48383153,70.45950831,71.5043203,716066
4/30/2018,71.83082404,71.83082404,67.97807984,69.67589932,1035450
5/3/2018,69.74120007,71.04721505,69.21879408,69.47999707,297113
5/6/2018,71.04721505,71.17781655,69.08819258,69.74120007,537275
5/7/2018,70.19830531,70.39420756,67.84747835,68.10868134,542813
5/8/2018,68.23928284,71.1125158,68.04338059,69.67589932,719824
5/9/2018,69.80650082,72.61443303,68.95759108,71.5043203,1132523
5/10/2018,72.48383153,73.98574876,71.70022254,72.41853079,1523276
5/13/2018,72.22262854,72.54913228,69.61059857,69.93710232,565288
5/14/2018,70.26360606,70.65541056,69.54529782,69.61059857,265112
5/15/2018,69.93710232,70.85131281,68.56578659,68.95759108,439091
5/16/2018,69.80650082,70.52480906,68.76168883,69.93710232,348679
5/17/2018,70.19830531,70.19830531,68.30458359,68.43518509,535550
5/20/2018,68.89229033,68.95759108,66.73736561,67.06386936,277071
5/21/2018,67.12917011,68.36988434,67.12917011,67.2597716,195935
5/22/2018,68.17398209,68.82698958,67.2597716,68.23928284,260863
5/23/2018,68.89229033,69.08819258,66.73736561,67.19447085,337857
5/24/2018,67.19447085,68.23928284,66.54146336,67.84747835,268640
5/27/2018,68.50048584,68.95759108,67.19447085,67.3903731,289764
5/28/2018,67.3903731,67.71687685,65.56195213,65.75785437,254762
5/29/2018,65.95375662,66.60676411,64.64774164,65.36604988,294712
5/30/2018,64.64774164,67.19447085,64.64774164,65.49665138,221330
5/31/2018,65.49665138,66.21495962,64.64774164,64.97424538,186618
6/3/2018,64.97424538,65.88845587,64.58244089,64.71304239,124833
6/4/2018,64.77834314,65.88845587,64.0600349,64.25593714,136856
6/5/2018,65.10484688,65.17014763,63.99473415,64.51714014,135680
6/6/2018,64.64774164,67.71687685,64.64774164,66.86796711,215957
6/7/2018,66.60676411,67.58627535,64.71304239,64.97424538,219339
6/10/2018,65.62725288,65.75785437,63.34172666,63.6682304,214391
6/11/2018,64.51714014,65.62725288,64.0600349,64.58244089,154123
6/12/2018,64.90894464,67.84747835,64.64774164,66.99856861,296549
6/18/2018,67.19447085,70.26360606,66.28026037,69.08819258,511720
6/19/2018,69.28409483,70.32890681,66.80266636,67.19447085,581615
6/20/2018,67.3903731,68.50048584,67.19447085,67.9127791,239336
6/21/2018,68.50048584,68.95759108,66.93326786,67.12917011,490018
6/24/2018,68.23928284,68.50048584,67.12917011,67.5209746,458212
6/25/2018,68.30458359,68.30458359,66.08435812,66.14965887,256587
6/26/2018,66.67206486,66.99856861,64.77834314,65.03954613,326103
6/27/2018,65.30074913,66.21495962,64.90894464,65.23544838,262013
6/28/2018,65.82315512,65.82315512,64.71304239,64.84364389,250313
7/2/2018,64.90894464,66.73736561,64.64774164,64.71304239,263208
7/3/2018,65.23544838,65.75785437,64.19063639,64.45183939,203638
7/4/2018,64.45183939,65.03954613,64.0600349,64.51714014,172055
7/5/2018,65.23544838,69.21879408,64.97424538,68.43518509,669850
7/8/2018,69.15349333,70.39420756,67.06386936,67.45567385,558359
7/9/2018,68.17398209,68.69638808,65.49665138,66.47616261,296713
7/10/2018,66.67206486,69.47999707,66.67206486,68.10868134,551281
7/11/2018,68.10868134,69.93710232,67.32507235,67.58627535,758132
7/12/2018,68.56578659,69.87180157,66.80266636,69.28409483,563194
7/15/2018,69.47999707,76.20597423,69.34939558,76.01007199,2927945
7/16/2018,77.05488397,77.51198922,72.54913228,74.18165101,1475628
7/17/2018,73.78984652,74.44285401,69.87180157,70.52480906,839832
7/19/2018,73.20213977,75.0958615,72.48383153,72.74503453,637758
7/22/2018,73.92044802,76.33657573,72.87563603,73.52864352,1243129
7/23/2018,74.96526,76.01007199,71.17781655,71.76552329,616362
7/24/2018,70.72071131,72.41853079,70.13300457,70.32890681,419635
7/25/2018,70.72071131,72.81033528,69.15349333,71.89612479,553262
7/26/2018,72.81033528,74.05104951,70.39420756,70.65541056,360710
7/29/2018,70.32890681,70.65541056,69.02289183,69.28409483,276330
7/30/2018,68.82698958,70.06770382,67.58627535,68.10868134,189459
7/31/2018,69.08819258,70.52480906,68.10868134,68.69638808,305293
8/1/2018,69.41469633,70.26360606,68.50048584,68.76168883,364802
8/2/2018,68.69638808,69.08819258,67.3903731,67.7821776,315997
8/5/2018,67.9127791,68.23928284,66.01905737,66.41086187,280399
8/6/2018,66.73736561,68.23928284,66.60676411,67.71687685,158465
8/7/2018,67.97807984,69.08819258,67.2597716,67.5209746,242458
8/8/2018,67.97807984,68.69638808,67.3903731,67.45567385,136503
8/9/2018,67.9127791,67.9127791,66.14965887,67.58627535,287040
8/12/2018,68.17398209,68.17398209,66.34556112,66.54146336,211446
8/13/2018,66.60676411,66.60676411,65.36604988,65.75785437,296669
8/14/2018,66.60676411,68.82698958,66.28026037,68.30458359,277804
8/16/2018,68.23928284,68.95759108,67.32507235,68.23928284,240344
8/19/2018,68.56578659,68.56578659,66.73736561,66.99856861,196195
8/26/2018,67.06386936,68.04338059,66.93326786,67.71687685,96456
8/27/2018,68.23928284,69.54529782,67.7821776,68.04338059,205549
8/28/2018,69.02289183,69.87180157,68.30458359,69.08819258,270219
8/29/2018,69.28409483,70.85131281,69.28409483,69.80650082,605255
8/30/2018,70.13300457,70.26360606,68.36988434,68.69638808,289651
9/3/2018,69.21879408,70.85131281,68.95759108,70.39420756,340025
9/4/2018,70.85131281,71.83082404,69.67589932,70.00240307,378589
9/5/2018,70.06770382,71.76552329,69.47999707,71.30841805,549222
9/6/2018,72.15732779,72.35323004,70.39420756,71.3737188,373404
9/9/2018,71.56962105,71.76552329,70.00240307,70.19830531,278517
9/10/2018,70.26360606,70.91661356,68.63108734,69.08819258,461577
9/11/2018,69.87180157,70.65541056,68.63108734,69.08819258,257694
9/12/2018,69.47999707,70.00240307,68.89229033,69.15349333,304683
9/13/2018,69.28409483,70.26360606,68.56578659,69.08819258,346099
9/16/2018,70.00240307,70.52480906,67.84747835,68.04338059,331698
9/17/2018,68.36988434,68.50048584,67.2597716,67.3903731,249027
9/18/2018,67.5209746,67.6515761,66.28026037,66.41086187,220772
9/19/2018,66.54146336,67.9127791,66.34556112,67.2597716,171123
9/20/2018,67.9127791,67.9127791,66.60676411,66.67206486,144384
9/23/2018,67.2597716,68.56578659,66.01905737,66.14965887,341772
9/24/2018,67.2597716,67.2597716,63.34172666,64.25593714,226978
9/25/2018,64.84364389,65.30074913,63.99473415,64.32123789,156891
9/26/2018,64.58244089,66.41086187,64.58244089,65.30074913,186082
9/27/2018,66.21495962,66.21495962,63.27642591,63.40702741,554202
10/1/2018,64.84364389,65.56195213,63.9294334,64.51714014,171595
10/2/2018,65.17014763,65.30074913,64.19063639,64.32123789,104850
10/3/2018,64.97424538,65.30074913,64.0600349,64.25593714,96543
10/4/2018,65.10484688,66.54146336,64.64774164,65.88845587,223029
10/7/2018,65.69255362,67.9127791,65.69255362,66.41086187,307259
10/8/2018,66.60676411,66.67206486,65.95375662,66.14965887,166896
10/9/2018,66.34556112,66.41086187,64.97424538,65.10484688,145337
10/10/2018,65.10484688,67.2597716,65.10484688,66.47616261,285060
10/11/2018,66.86796711,67.06386936,65.95375662,66.01905737,159037
10/14/2018,65.36604988,65.62725288,64.84364389,65.23544838,106861
10/15/2018,65.23544838,66.01905737,64.45183939,64.77834314,160055
10/16/2018,65.95375662,65.95375662,64.12533565,64.32123789,157490
10/17/2018,64.64774164,64.64774164,63.99473415,64.19063639,94706
10/21/2018,68.23928284,68.23928284,61.63084703,61.91817033,128629
10/22/2018,61.77450868,63.21112516,60.69704632,60.98436961,89900
10/23/2018,60.98436961,61.34352373,60.19423055,60.40972302,52401
10/24/2018,60.48155384,60.91253879,59.69141478,60.69704632,47381
10/25/2018,60.3378922,61.70267785,60.3378922,60.76887714,65865
10/28/2018,60.76887714,61.05620044,57.32099759,57.68015171,88279
10/29/2018,59.61958396,61.05620044,57.53649006,59.54775313,68995
10/30/2018,60.26606137,60.98436961,59.47592231,59.61958396,98557
10/31/2018,59.61958396,60.62521549,58.97310654,59.26042984,89382
11/1/2018,59.33226066,59.33226066,58.5421216,58.82944489,65290
11/4/2018,59.83507643,59.83507643,57.17733594,57.75198253,209486
11/5/2018,58.03930583,58.5421216,57.10550511,57.32099759,101415
11/6/2018,57.39282841,57.60832088,56.1717044,56.38719687,105427
11/8/2018,56.74635099,57.967475,56.74635099,57.32099759,82418
11/11/2018,57.53649006,58.5421216,56.74635099,56.96184347,82695
11/12/2018,58.18296748,58.18296748,57.32099759,57.60832088,107026
11/13/2018,58.18296748,58.18296748,56.81818182,57.10550511,97972
11/14/2018,58.11113665,58.39845995,56.96184347,57.39282841,83490
11/15/2018,57.39282841,57.967475,56.96184347,57.24916676,99934
11/18/2018,58.03930583,58.03930583,56.96184347,57.10550511,104166
11/19/2018,57.46465923,58.82944489,56.74635099,58.32662912,239261
11/22/2018,59.40409148,59.40409148,58.18296748,58.39845995,112305
11/25/2018,58.39845995,59.90690725,57.53649006,59.47592231,137635
11/26/2018,59.69141478,60.0505689,58.32662912,58.75761407,126322
11/27/2018,57.967475,59.18859901,57.967475,58.2547983,141218
11/28/2018,58.32662912,58.32662912,57.24916676,57.46465923,119427
11/29/2018,57.46465923,58.39845995,57.39282841,57.46465923,111011
12/2/2018,57.60832088,57.967475,56.74635099,57.39282841,72067
12/3/2018,57.46465923,58.90127572,57.46465923,58.18296748,91670
12/4/2018,58.18296748,58.18296748,57.53649006,57.89564418,109675
12/5/2018,58.18296748,58.18296748,57.60832088,57.68015171,66576
12/6/2018,58.11113665,58.11113665,57.24916676,57.32099759,79175
12/9/2018,57.82381335,57.967475,56.96184347,57.24916676,105393
12/10/2018,57.53649006,57.53649006,57.10550511,57.24916676,123085
12/11/2018,57.82381335,57.82381335,56.89001264,57.24916676,71197
12/12/2018,56.96184347,57.17733594,56.53085852,56.60268935,103565
12/13/2018,56.4590277,57.46465923,56.31536605,56.38719687,46791
12/17/2018,56.4590277,56.4590277,54.95058039,55.23790369,70158
12/18/2018,55.95621193,55.95621193,54.59142627,54.95058039,71867
12/19/2018,55.38156534,57.24916676,55.30973451,56.89001264,57610
12/20/2018,57.32099759,58.18296748,57.03367429,57.82381335,82472
12/24/2018,57.24916676,57.39282841,57.03367429,57.17733594,38969
12/26/2018,57.03367429,57.17733594,56.81818182,57.03367429,31850
12/27/2018,57.82381335,57.82381335,56.74635099,57.39282841,66507
1/1/2019,50.73051948,53.97727273,50.73051948,53.49025974,336033
1/2/2019,54.13961039,56.89935065,53.24675325,56.41233766,476912
1/3/2019,56.57467532,58.8474026,56.16883117,58.44155844,422563
1/6/2019,58.52272727,59.9025974,57.5487013,58.8474026,459414
1/7/2019,58.8474026,59.09090909,57.95454545,58.44155844,287073
1/8/2019,58.44155844,62.01298701,58.19805195,61.03896104,514468
1/9/2019,61.52597403,62.90584416,60.30844156,61.85064935,553254
1/10/2019,62.66233766,63.23051948,61.2012987,62.5,805025
1/13/2019,62.5,63.47402597,60.87662338,62.74350649,660202
1/14/2019,62.82467532,63.23051948,61.2012987,62.01298701,456447
1/15/2019,62.09415584,62.25649351,60.22727273,60.55194805,496530
1/16/2019,59.65909091,60.55194805,58.19805195,59.17207792,257801
1/17/2019,58.92857143,59.49675325,58.52272727,58.76623377,281578
1/20/2019,58.76623377,59.98376623,58.52272727,59.57792208,308830
1/21/2019,59.49675325,59.82142857,59.17207792,59.33441558,135994
1/22/2019,59.17207792,59.49675325,57.06168831,57.71103896,473145
1/23/2019,59.17207792,60.1461039,58.19805195,59.82142857,291436
1/24/2019,60.22727273,61.60714286,59.74025974,61.12012987,514568
1/27/2019,61.52597403,65.42207792,61.52597403,65.17857143,839048
1/28/2019,65.17857143,66.63961039,62.90584416,63.87987013,540649
1/29/2019,64.12337662,64.77272727,62.17532468,64.12337662,522546
1/30/2019,64.12337662,64.36688312,61.68831169,62.90584416,299701
1/31/2019,62.90584416,63.47402597,61.52597403,63.06818182,893594
2/3/2019,63.06818182,64.77272727,62.5,64.44805195,1092673
2/4/2019,65.0974026,67.69480519,65.0974026,66.88311688,1230080
2/5/2019,67.93831169,67.93831169,64.8538961,65.50324675,530058
2/6/2019,65.50324675,65.90909091,63.39285714,64.93506494,522129
2/7/2019,65.42207792,67.85714286,64.77272727,67.37012987,1143649
2/10/2019,68.01948052,69.23701299,67.20779221,67.61363636,788061
2/11/2019,67.53246753,67.77597403,62.41883117,63.7987013,2250835
2/12/2019,63.39285714,63.47402597,60.22727273,61.2012987,483611
2/13/2019,61.85064935,62.74350649,59.00974026,61.52597403,407671
2/14/2019,62.17532468,62.66233766,59.98376623,60.38961039,289601
2/17/2019,59.9025974,61.12012987,59.49675325,60.38961039,258694
2/18/2019,61.44480519,61.44480519,59.09090909,60.22727273,259459
2/20/2019,59.57792208,59.82142857,56.89935065,57.30519481,875611
2/24/2019,57.5487013,57.87337662,55.51948052,56.81818182,418213
2/25/2019,56.49350649,57.22402597,54.30194805,54.78896104,668369
2/26/2019,55.35714286,56.98051948,54.62662338,56.57467532,329814
2/27/2019,56.89935065,56.89935065,55.84415584,56.49350649,198910
3/3/2019,56.49350649,57.87337662,56.16883117,57.62987013,318273
3/4/2019,57.87337662,57.95454545,56.16883117,56.41233766,204804
3/5/2019,55.92532468,57.14285714,55.11363636,55.51948052,152257
3/6/2019,55.35714286,56.25,54.9512987,55.11363636,168797
3/7/2019,55.11363636,56.81818182,54.9512987,55.51948052,98384
3/10/2019,55.92532468,56.73701299,55.51948052,56.49350649,109969
3/11/2019,56.49350649,56.73701299,55.76298701,55.84415584,67905
3/12/2019,55.84415584,56.16883117,55.68181818,56.00649351,107061
3/13/2019,56.25,56.25,55.27597403,55.68181818,139489
3/14/2019,55.68181818,56.08766234,53.97727273,54.78896104,130804
3/18/2019,54.13961039,54.13961039,52.67857143,52.84090909,117875
3/19/2019,52.84090909,54.78896104,52.19155844,52.84090909,66925
3/20/2019,52.84090909,53.6525974,52.84090909,53.16558442,56644
3/21/2019,52.84090909,53.8961039,51.70454545,52.67857143,129495
3/24/2019,52.84090909,52.84090909,51.54220779,52.5974026,113383
3/25/2019,51.86688312,53.40909091,51.86688312,52.84090909,149434
3/27/2019,52.84090909,53.97727273,52.19155844,53.16558442,414657
3/28/2019,52.75974026,53.40909091,52.3538961,53.32792208,54043
3/31/2019,52.84090909,53.40909091,52.84090909,52.92207792,37366
4/1/2019,52.84090909,53.24675325,51.70454545,52.51623377,174567
4/2/2019,52.51623377,52.92207792,51.70454545,52.51623377,236564
4/3/2019,52.5974026,52.84090909,51.70454545,52.51623377,232773
4/4/2019,51.86688312,53.00324675,51.70454545,52.75974026,291748
4/7/2019,53.32792208,53.32792208,52.19155844,52.5974026,290049
4/8/2019,52.51623377,52.84090909,51.21753247,52.02922078,296163
4/9/2019,51.2987013,52.51623377,50.40584416,51.54220779,251016
4/10/2019,50.40584416,51.70454545,50.40584416,51.54220779,206833
4/11/2019,51.70454545,52.27272727,50.40584416,52.02922078,350825
4/16/2019,52.02922078,52.3538961,50.40584416,51.37987013,141625
4/17/2019,51.37987013,51.70454545,50.40584416,51.2987013,253507
4/18/2019,51.70454545,52.84090909,50.40584416,52.27272727,463178
4/21/2019,51.70454545,53.00324675,51.05519481,52.27272727,302920
4/23/2019,51.94805195,53.00324675,50.32467532,52.19155844,612361
4/24/2019,52.19155844,52.5974026,50.40584416,52.3538961,594344
4/25/2019,52.02922078,53.00324675,50.73051948,52.51623377,605902
4/28/2019,52.51623377,53.16558442,51.05519481,52.84090909,599956
4/29/2019,52.3538961,52.67857143,51.05519481,52.19155844,574044
4/30/2019,51.2987013,52.67857143,51.2987013,52.43506494,415590
5/2/2019,52.43506494,54.13961039,52.19155844,53.49025974,374757
5/5/2019,53.57142857,55.76298701,53.40909091,54.87012987,552675
5/6/2019,54.78896104,55.27597403,53.6525974,54.78896104,534629
5/7/2019,54.78896104,55.51948052,52.92207792,53.8961039,501709
5/8/2019,53.97727273,54.13961039,52.3538961,53.8961039,439128
5/9/2019,53.6525974,54.13961039,53.00324675,53.73376623,230965
5/12/2019,53.73376623,53.8961039,52.92207792,53.73376623,338113
5/13/2019,53.32792208,53.6525974,52.51623377,53.24675325,256784
5/14/2019,53.00324675,53.24675325,52.3538961,53.00324675,258071
5/15/2019,53.6525974,53.6525974,51.86688312,52.84090909,417696
5/16/2019,52.51623377,52.84090909,51.70454545,52.75974026,466239
5/19/2019,52.75974026,52.92207792,52.3538961,52.84090909,377759
5/20/2019,53.08441558,53.08441558,51.37987013,52.43506494,872817
5/21/2019,51.78571429,52.3538961,51.05519481,51.94805195,928389
5/22/2019,51.54220779,51.86688312,50.89285714,51.86688312,551536
5/23/2019,51.86688312,51.86688312,50.81168831,51.46103896,670489
5/26/2019,50.40584416,51.54220779,49.10714286,50.48701299,994342
5/27/2019,50.48701299,50.48701299,48.78246753,49.35064935,471411
5/28/2019,49.51298701,49.83766234,48.86363636,49.51298701,381571
5/29/2019,49.59415584,49.59415584,48.37662338,49.10714286,776768
5/30/2019,49.10714286,50.89285714,48.29545455,50.48701299,1013595
6/9/2019,50.48701299,50.73051948,49.43181818,50.32467532,93306
6/10/2019,50.16233766,51.2987013,50.16233766,51.05519481,631228
6/11/2019,51.13636364,51.94805195,50.40584416,51.78571429,1103783
6/12/2019,51.86688312,52.19155844,50.40584416,51.86688312,978627
6/13/2019,51.21753247,52.02922078,51.13636364,51.86688312,434882
6/16/2019,51.94805195,52.02922078,50.48701299,51.13636364,647576
6/17/2019,50.81168831,51.13636364,49.10714286,49.75649351,755784
6/18/2019,49.75649351,50.24350649,49.35064935,50.16233766,349004
6/19/2019,50.16233766,51.05519481,49.43181818,50.56818182,616276
6/20/2019,50.16233766,50.81168831,49.43181818,50.32467532,387149
6/23/2019,49.75649351,49.83766234,48.78246753,49.18831169,285573
6/24/2019,49.43181818,50.24350649,48.78246753,49.83766234,423295
6/25/2019,49.75649351,51.05519481,49.10714286,50.16233766,592620
6/26/2019,49.75649351,50.16233766,49.18831169,49.83766234,260503
6/27/2019,49.91883117,50.32467532,49.26948052,49.83766234,354392
6/30/2019,50.16233766,50.48701299,48.78246753,49.18831169,290019
7/2/2019,49.51298701,49.83766234,48.94480519,49.51298701,255407
7/3/2019,49.51298701,49.75649351,48.94480519,49.59415584,245667
7/4/2019,49.18831169,49.67532468,48.86363636,49.51298701,252146
7/8/2019,48.86363636,48.86363636,47.88961039,48.53896104,220159
7/9/2019,48.78246753,48.86363636,47.48376623,47.97077922,174856
7/10/2019,47.48376623,47.48376623,46.50974026,46.91558442,300512
7/11/2019,46.91558442,47.48376623,46.42857143,47.24025974,297397
7/14/2019,47.15909091,47.15909091,46.18506494,46.99675325,280538
7/15/2019,46.3474026,46.75324675,45.61688312,46.50974026,237238
7/16/2019,46.42857143,46.75324675,45.69805195,46.59090909,228726
7/17/2019,46.50974026,46.67207792,45.61688312,46.50974026,301252
7/18/2019,46.18506494,46.59090909,45.77922078,46.3474026,495824
7/21/2019,46.3474026,46.3474026,45.12987013,45.94155844,431273
7/22/2019,45.29220779,46.42857143,42.28896104,45.86038961,741293
7/23/2019,45.86038961,48.86363636,45.12987013,47.32142857,860457
7/24/2019,47.97077922,48.45779221,45.45454545,47.48376623,780592
7/25/2019,47.48376623,49.59415584,46.3474026,48.7012987,948952
7/28/2019,48.53896104,48.94480519,47.56493506,48.7012987,700900
7/29/2019,48.7012987,48.86363636,47.88961039,48.7012987,467779
7/30/2019,48.7012987,49.10714286,47.80844156,48.78246753,912273
7/31/2019,48.05194805,49.18831169,47.80844156,48.78246753,534810
8/1/2019,48.78246753,49.35064935,48.7012987,49.18831169,520507
8/4/2019,49.18831169,49.35064935,48.86363636,49.18831169,221179
8/5/2019,49.10714286,49.18831169,48.53896104,49.02597403,377644
8/6/2019,48.7012987,52.19155844,48.7012987,51.62337662,1117213
8/7/2019,52.02922078,52.19155844,50.40584416,50.89285714,718673
8/8/2019,50.32467532,51.37987013,50.16233766,51.21753247,548150
8/18/2019,50.81168831,52.11038961,50.48701299,51.70454545,784353
8/19/2019,51.78571429,52.67857143,51.13636364,51.86688312,728645
8/20/2019,51.13636364,52.92207792,51.13636364,52.67857143,1030612
8/21/2019,52.19155844,52.3538961,51.54220779,52.02922078,595414
8/22/2019,53.00324675,53.00324675,51.54220779,52.19155844,612695
8/25/2019,52.43506494,52.43506494,50.73051948,51.54220779,547923
8/26/2019,51.37987013,51.37987013,49.10714286,50.16233766,705764
8/27/2019,50.89285714,50.89285714,48.78246753,49.51298701,396320
8/28/2019,49.59415584,50.08116883,47.24025974,47.80844156,541203
8/29/2019,48.45779221,50.81168831,47.56493506,50.24350649,959395
9/1/2019,53.6525974,53.6525974,50.89285714,51.54220779,1020645
9/2/2019,53.6525974,53.6525974,49.91883117,50.89285714,878013
9/3/2019,51.05519481,51.2987013,49.59415584,50.97402597,389030
9/4/2019,51.2987013,51.2987013,49.75649351,50.81168831,696786
9/8/2019,50.73051948,50.81168831,49.26948052,50.32467532,473738
9/9/2019,50.32467532,50.32467532,48.94480519,49.51298701,285057
9/11/2019,49.43181818,49.67532468,47.48376623,48.37662338,663914
9/15/2019,49.26948052,49.91883117,48.86363636,49.75649351,479527
9/16/2019,50.08116883,50.56818182,49.10714286,49.75649351,492056
9/17/2019,49.83766234,49.83766234,48.21428571,49.26948052,536058
9/18/2019,49.26948052,49.43181818,48.53896104,49.10714286,350607
9/19/2019,48.78246753,49.10714286,47.6461039,48.53896104,334443
9/22/2019,48.78246753,49.67532468,47.56493506,49.18831169,509378
9/23/2019,49.35064935,49.67532468,48.86363636,49.51298701,449203
9/24/2019,49.18831169,49.35064935,48.53896104,49.18831169,454118
9/25/2019,49.18831169,49.18831169,48.45779221,49.02597403,349752
9/26/2019,48.94480519,49.18831169,48.45779221,49.10714286,348960
9/29/2019,49.10714286,49.51298701,48.45779221,48.86363636,424223
9/30/2019,49.02597403,49.02597403,48.05194805,48.53896104,274360
10/1/2019,48.78246753,49.02597403,48.21428571,48.78246753,396057
10/2/2019,48.86363636,49.02597403,48.05194805,48.45779221,240358
10/3/2019,48.45779221,48.7012987,47.88961039,48.29545455,248438
10/6/2019,48.53896104,48.53896104,47.80844156,48.29545455,224008
10/7/2019,48.29545455,48.29545455,47.80844156,48.05194805,235202
10/9/2019,48.29545455,48.29545455,47.15909091,47.48376623,121169
10/10/2019,47.15909091,47.80844156,45.86038961,46.18506494,166904
10/14/2019,50.81168831,50.81168831,43.10064935,45.86038961,701233
10/15/2019,45.86038961,49.02597403,45.0487013,47.88961039,617015
10/16/2019,47.88961039,47.88961039,45.61688312,46.59090909,507829
10/17/2019,46.59090909,46.91558442,44.88636364,46.50974026,670412
10/20/2019,45.77922078,46.91558442,45.45454545,46.42857143,387787
10/21/2019,46.42857143,46.42857143,44.48051948,45.53571429,641175
10/22/2019,44.64285714,45.0487013,43.99350649,44.64285714,251228
10/23/2019,44.64285714,45.0487013,43.75,44.88636364,451550
10/24/2019,44.80519481,44.96753247,44.23701299,44.72402597,541741
10/27/2019,45.45454545,45.45454545,44.23701299,44.80519481,391460
10/28/2019,44.31818182,44.96753247,43.66883117,44.56168831,572016
10/29/2019,43.83116883,44.56168831,43.34415584,43.99350649,331675
10/30/2019,43.99350649,44.23701299,42.69480519,43.42532468,564716
10/31/2019,43.42532468,43.42532468,41.80194805,42.4512987,389369
11/3/2019,41.72077922,42.69480519,41.3961039,42.4512987,348643
11/4/2019,42.4512987,42.61363636,41.23376623,41.72077922,222685
11/5/2019,41.3961039,41.72077922,40.34090909,41.1525974,469857
11/6/2019,41.1525974,43.42532468,40.99025974,42.4512987,681239
11/7/2019,42.12662338,42.61363636,41.72077922,42.4512987,508161
11/11/2019,42.69480519,42.69480519,40.99025974,42.12662338,231705
11/12/2019,41.80194805,41.80194805,40.42207792,41.1525974,581202
11/13/2019,40.66558442,41.1525974,39.93506494,40.50324675,286284
11/14/2019,40.42207792,40.74675325,39.36688312,39.93506494,433054
11/18/2019,40.42207792,41.88311688,40.34090909,41.63961039,705073
11/19/2019,41.88311688,41.88311688,40.66558442,41.47727273,747268
11/20/2019,41.47727273,41.55844156,40.0974026,40.50324675,621097
11/21/2019,40.01623377,40.66558442,39.36688312,39.8538961,557355
11/24/2019,39.52922078,39.8538961,39.20454545,39.44805195,330724
11/25/2019,39.44805195,40.0974026,39.20454545,39.8538961,357143
11/26/2019,40.01623377,41.72077922,39.52922078,41.31493506,967093
11/28/2019,44.80519481,46.50974026,43.50649351,45.77922078,1208304
12/1/2019,46.02272727,46.02272727,43.66883117,44.56168831,537154
12/2/2019,44.72402597,44.80519481,43.42532468,43.75,350951
12/3/2019,43.83116883,44.48051948,43.01948052,43.58766234,421880
12/4/2019,43.83116883,46.99675325,43.75,46.67207792,1328543
12/5/2019,47.07792208,47.6461039,46.50974026,46.91558442,921966
12/8/2019,46.83441558,46.83441558,45.37337662,45.77922078,552983
12/9/2019,44.88636364,45.77922078,44.39935065,45.0487013,339543
12/10/2019,45.61688312,45.77922078,44.23701299,44.31818182,225067
12/11/2019,44.23701299,45.21103896,43.75,43.99350649,237661
12/12/2019,44.23701299,44.96753247,43.50649351,44.39935065,150449
12/15/2019,44.23701299,44.96753247,43.50649351,43.83116883,203134
12/17/2019,43.83116883,43.91233766,41.96428571,42.61363636,134458
12/18/2019,42.77597403,42.77597403,41.31493506,41.88311688,171769
12/19/2019,42.20779221,43.91233766,41.80194805,43.83116883,268727
12/22/2019,43.42532468,45.0487013,42.77597403,44.23701299,256733
12/24/2019,43.58766234,43.66883117,42.93831169,43.42532468,184474
12/26/2019,43.42532468,44.23701299,43.34415584,43.58766234,88003
12/29/2019,43.50649351,44.07467532,43.10064935,43.26298701,63377
12/30/2019,43.42532468,43.50649351,42.53246753,42.69480519,176937
1/1/2020,47.88961039,48.29545455,47.48376623,48.05194805,59529
1/2/2020,47.88961039,48.78246753,47.88961039,48.37662338,174998
1/5/2020,48.53896104,48.53896104,47.72727273,47.80844156,74150
1/6/2020,47.80844156,49.02597403,47.80844156,48.7012987,610132
1/7/2020,49.43181818,50.32467532,48.86363636,49.75649351,425228
1/8/2020,49.51298701,50.48701299,48.78246753,48.86363636,427683
1/9/2020,48.86363636,49.51298701,48.29545455,48.62012987,124615
1/12/2020,48.62012987,50.08116883,48.53896104,49.02597403,512634
1/13/2020,49.35064935,49.35064935,47.88961039,48.37662338,223489
1/14/2020,48.45779221,48.78246753,46.02272727,46.18506494,356331
1/15/2020,47.07792208,48.05194805,46.26623377,46.42857143,90540
1/16/2020,46.3474026,46.91558442,45.45454545,46.59090909,81788
1/19/2020,47.4025974,48.7012987,47.4025974,48.53896104,204435
1/20/2020,48.7012987,49.18831169,47.88961039,48.78246753,247568
1/22/2020,47.6461039,48.21428571,47.56493506,47.88961039,286564
1/23/2020,48.45779221,49.91883117,48.45779221,49.75649351,533657
1/26/2020,51.2987013,51.78571429,48.78246753,49.02597403,340332
1/27/2020,49.02597403,49.02597403,47.48376623,47.72727273,243589
1/28/2020,47.72727273,48.53896104,47.4025974,47.97077922,116164
1/29/2020,48.05194805,48.37662338,47.48376623,47.97077922,212058
1/30/2020,48.21428571,48.7012987,47.07792208,48.13311688,263251
2/2/2020,47.88961039,49.51298701,47.56493506,49.18831169,464162
2/3/2020,49.43181818,50.48701299,49.26948052,50.24350649,650694
2/4/2020,50.32467532,51.13636364,49.51298701,50.0,483032
2/5/2020,49.91883117,49.91883117,48.94480519,49.43181818,250187
2/6/2020,48.53896104,50.24350649,48.53896104,48.7012987,253799
2/9/2020,48.7012987,48.7012987,47.72727273,47.80844156,178976
2/10/2020,47.88961039,48.37662338,47.48376623,47.6461039,125856
2/11/2020,48.37662338,49.83766234,48.37662338,49.67532468,319253
2/12/2020,49.51298701,50.32467532,49.10714286,50.16233766,377403
2/13/2020,49.75649351,53.49025974,49.75649351,53.32792208,1963640
2/16/2020,53.49025974,55.43831169,53.49025974,55.11363636,816693
2/17/2020,54.87012987,55.43831169,53.32792208,55.11363636,1307902
2/18/2020,55.19480519,56.33116883,53.24675325,53.97727273,842704
2/19/2020,54.22077922,58.44155844,53.49025974,57.46753247,1950572
2/20/2020,57.62987013,60.06493506,57.14285714,57.79220779,1876987
2/23/2020,57.95454545,58.92857143,55.68181818,55.84415584,912772
2/24/2020,55.68181818,56.25,54.70779221,55.03246753,463442
2/25/2020,55.19480519,56.73701299,55.19480519,55.68181818,407329
2/26/2020,56.49350649,57.22402597,55.76298701,56.00649351,607494
2/27/2020,56.49350649,56.49350649,54.87012987,55.11363636,427821
3/1/2020,54.46428571,54.46428571,51.70454545,51.94805195,511780
3/2/2020,51.94805195,52.84090909,51.2987013,52.3538961,335440
3/3/2020,52.67857143,54.30194805,52.02922078,53.6525974,237154
3/4/2020,53.73376623,54.54545455,52.5974026,52.75974026,397127
3/5/2020,52.5974026,54.22077922,51.94805195,53.49025974,164136
3/8/2020,53.57142857,53.57142857,51.70454545,51.86688312,315903
3/9/2020,51.86688312,51.86688312,46.75324675,47.56493506,477430
3/10/2020,48.62012987,49.43181818,47.6461039,49.18831169,108024
3/11/2020,49.43181818,51.13636364,49.18831169,50.73051948,251451
3/12/2020,50.81168831,50.81168831,48.62012987,48.78246753,335809
3/15/2020,47.24025974,47.4025974,45.53571429,46.99675325,219731
3/16/2020,48.62012987,48.62012987,42.4512987,44.23701299,248776
3/18/2020,45.86038961,46.26623377,40.50324675,41.1525974,232151
3/19/2020,46.83441558,46.83441558,46.83441558,46.83441558,385
3/22/2020,46.3474026,46.3474026,46.3474026,46.3474026,18880
3/23/2020,46.3474026,46.3474026,46.3474026,46.3474026,21801
3/24/2020,46.3474026,46.3474026,46.3474026,46.3474026,350
3/25/2020,46.3474026,46.3474026,46.3474026,46.3474026,3479
5/31/2020,46.3474026,46.3474026,46.3474026,46.3474026,35933
6/1/2020,46.3474026,46.3474026,46.3474026,46.3474026,2562
6/2/2020,46.3474026,46.3474026,46.3474026,46.3474026,2067
6/4/2020,46.3474026,46.3474026,46.3474026,46.3474026,5
6/7/2020,46.3474026,46.3474026,46.3474026,46.3474026,530
6/8/2020,46.3474026,46.3474026,46.3474026,46.3474026,1000
6/11/2020,46.3474026,46.3474026,46.3474026,46.3474026,205
6/14/2020,46.3474026,46.3474026,46.3474026,46.3474026,110
6/15/2020,46.3474026,46.3474026,46.3474026,46.3474026,500
6/16/2020,46.3474026,46.3474026,46.3474026,46.3474026,10
6/17/2020,46.3474026,46.3474026,46.3474026,46.3474026,300
6/24/2020,46.3474026,46.3474026,46.3474026,46.3474026,1752
6/25/2020,46.3474026,46.3474026,46.3474026,46.3474026,1051
6/28/2020,46.3474026,46.3474026,46.3474026,46.3474026,21
6/29/2020,46.3474026,46.3474026,46.3474026,46.3474026,300
6/30/2020,46.3474026,46.3474026,46.3474026,46.3474026,8471
7/2/2020,46.3474026,46.3474026,46.3474026,46.3474026,1119
7/6/2020,46.3474026,46.3474026,46.3474026,46.3474026,1
7/7/2020,46.3474026,46.3474026,46.3474026,46.3474026,215
7/8/2020,46.3474026,46.3474026,46.3474026,46.3474026,600
7/9/2020,46.3474026,46.3474026,46.3474026,46.3474026,4945
7/12/2020,46.3474026,47.56493506,46.3474026,46.67207792,387153
7/13/2020,46.83441558,47.32142857,46.3474026,46.3474026,149770
7/14/2020,46.50974026,46.50974026,46.3474026,46.3474026,14616
7/15/2020,46.3474026,46.3474026,46.3474026,46.3474026,19843
7/16/2020,46.3474026,46.3474026,46.3474026,46.3474026,2597
7/19/2020,46.3474026,46.3474026,46.3474026,46.3474026,1630
7/20/2020,46.3474026,46.3474026,46.3474026,46.3474026,1926
7/21/2020,46.3474026,46.3474026,46.3474026,46.3474026,6011
7/22/2020,46.3474026,46.3474026,46.3474026,46.3474026,46056
7/23/2020,46.3474026,47.07792208,46.3474026,46.91558442,116256
7/26/2020,46.91558442,46.99675325,46.3474026,46.59090909,81746
7/27/2020,46.67207792,47.6461039,46.59090909,47.4025974,215547
7/28/2020,47.24025974,50.16233766,47.24025974,49.91883117,325968
7/29/2020,49.51298701,49.75649351,48.29545455,49.59415584,176587
7/30/2020,49.59415584,50.81168831,49.10714286,50.32467532,231894
8/3/2020,50.89285714,53.57142857,50.89285714,52.75974026,571744
8/4/2020,52.75974026,52.84090909,51.54220779,52.43506494,188835
8/5/2020,52.43506494,52.67857143,50.08116883,50.64935065,309438
8/6/2020,49.91883117,52.51623377,49.91883117,51.37987013,244502
8/9/2020,51.94805195,52.75974026,51.54220779,51.94805195,456983
8/10/2020,52.3538961,52.3538961,50.48701299,50.73051948,380456
8/12/2020,51.13636364,51.78571429,50.32467532,50.81168831,571946
8/13/2020,51.05519481,52.3538961,50.48701299,50.73051948,394937
8/16/2020,51.13636364,53.49025974,50.89285714,52.92207792,800628
8/17/2020,52.92207792,53.97727273,51.62337662,52.3538961,532529
8/18/2020,52.84090909,52.92207792,50.73051948,50.89285714,346156
8/19/2020,51.86688312,52.19155844,50.48701299,50.97402597,0
8/20/2020,51.78571429,51.78571429,50.32467532,50.56818182,230374
8/23/2020,51.54220779,53.49025974,51.46103896,51.86688312,800644
8/24/2020,52.51623377,52.67857143,51.21753247,52.02922078,452443
8/25/2020,52.27272727,53.08441558,51.94805195,52.67857143,522383
8/26/2020,53.24675325,55.11363636,52.84090909,54.62662338,1373518
8/27/2020,54.78896104,56.65584416,54.38311688,56.16883117,1148342
8/31/2020,56.16883117,56.89935065,54.38311688,55.11363636,803117
9/1/2020,55.19480519,55.19480519,53.97727273,54.87012987,617541
9/2/2020,55.27597403,55.27597403,53.57142857,54.22077922,481406
9/3/2020,54.30194805,54.87012987,53.81493506,54.30194805,423373
9/6/2020,54.70779221,56.00649351,54.38311688,55.27597403,623284
9/7/2020,55.35714286,55.92532468,54.30194805,54.54545455,375612
9/8/2020,54.54545455,55.11363636,53.6525974,53.8961039,420012
9/9/2020,54.38311688,54.38311688,53.40909091,53.57142857,388863
9/10/2020,53.81493506,54.87012987,52.84090909,53.8961039,281020
9/13/2020,54.30194805,55.51948052,53.8961039,54.13961039,519662
9/14/2020,54.62662338,55.51948052,54.22077922,54.70779221,409637
9/15/2020,55.03246753,55.19480519,54.13961039,54.22077922,284322
9/16/2020,54.22077922,54.78896104,53.8961039,54.05844156,291774
9/17/2020,54.05844156,54.13961039,52.92207792,53.08441558,386396
9/20/2020,53.57142857,54.30194805,52.43506494,52.51623377,182901
9/21/2020,52.67857143,53.08441558,51.86688312,52.02922078,127886
9/22/2020,52.19155844,52.92207792,51.46103896,52.19155844,177141
9/23/2020,52.19155844,52.67857143,51.54220779,51.70454545,120633
9/24/2020,51.86688312,53.16558442,51.62337662,52.5974026,145739
9/27/2020,52.27272727,52.27272727,51.05519481,51.37987013,196817
9/28/2020,51.54220779,51.94805195,50.73051948,50.89285714,126377
9/29/2020,50.89285714,51.54220779,50.64935065,50.81168831,128894
9/30/2020,51.54220779,51.54220779,50.56818182,50.89285714,146171
10/1/2020,50.81168831,51.62337662,50.16233766,51.13636364,322115
10/4/2020,51.70454545,51.70454545,50.81168831,51.13636364,46813
10/5/2020,51.13636364,51.13636364,49.91883117,50.0,131493
10/6/2020,50.0,50.48701299,49.51298701,49.91883117,92316
10/7/2020,50.64935065,50.64935065,49.83766234,50.32467532,96866
10/8/2020,50.32467532,50.64935065,50.0,50.32467532,90649
10/11/2020,50.32467532,50.32467532,49.59415584,49.67532468,44727
10/12/2020,49.67532468,49.67532468,48.53896104,48.78246753,78649
10/13/2020,48.78246753,49.75649351,48.78246753,49.26948052,67812
10/14/2020,49.83766234,49.83766234,49.10714286,49.10714286,55403
10/15/2020,49.26948052,50.08116883,49.18831169,49.59415584,84000
10/18/2020,49.51298701,50.16233766,49.35064935,49.51298701,75418
10/19/2020,49.26948052,49.51298701,48.78246753,48.94480519,66704
10/20/2020,49.10714286,50.48701299,49.10714286,50.24350649,172485
10/21/2020,50.56818182,51.37987013,50.32467532,50.40584416,107109
10/22/2020,50.32467532,50.32467532,49.10714286,49.18831169,58211
10/25/2020,49.02597403,49.26948052,48.78246753,48.94480519,127560
10/27/2020,49.51298701,49.51298701,48.7012987,48.86363636,39141
10/28/2020,48.7012987,48.7012987,47.4025974,47.72727273,59201
10/29/2020,48.7012987,50.08116883,47.97077922,49.43181818,202786
11/1/2020,49.51298701,50.64935065,49.10714286,50.16233766,75388
11/2/2020,50.56818182,50.56818182,49.91883117,50.32467532,82666
11/3/2020,50.32467532,50.64935065,49.75649351,49.91883117,122776
11/4/2020,50.40584416,50.40584416,49.51298701,49.59415584,65552
11/5/2020,49.67532468,50.32467532,49.67532468,49.91883117,93604
11/8/2020,50.32467532,50.40584416,49.75649351,50.24350649,91884
11/9/2020,50.24350649,51.21753247,49.75649351,51.05519481,189646
11/10/2020,51.13636364,51.13636364,50.0,50.08116883,126078
11/11/2020,50.0,50.32467532,49.91883117,50.0,182690
11/12/2020,50.16233766,50.48701299,50.0,50.16233766,38044
11/15/2020,50.97402597,50.97402597,50.16233766,50.32467532,119137
11/16/2020,50.32467532,50.32467532,49.91883117,50.16233766,70744
11/17/2020,50.16233766,50.56818182,50.0,50.32467532,116399
11/18/2020,50.32467532,50.32467532,49.67532468,49.75649351,116029
11/19/2020,49.91883117,50.16233766,49.51298701,50.0,142944
11/22/2020,49.83766234,50.40584416,48.7012987,49.10714286,444421
11/23/2020,49.35064935,49.35064935,48.29545455,48.86363636,472388
11/24/2020,49.02597403,50.24350649,49.02597403,49.83766234,123347
11/25/2020,50.0,50.64935065,49.67532468,50.56818182,435127
11/29/2020,50.98214286,50.98214286,50.98214286,50.98214286,272594
11/30/2020,50.98214286,50.98214286,50.98214286,50.98214286,98282
12/1/2020,50.98214286,52.41071429,50.98214286,51.07142857,325599
12/2/2020,51.16071429,52.14285714,50.98214286,51.42857143,203749
12/3/2020,51.51785714,52.05357143,51.51785714,51.69642857,133440
12/6/2020,52.14285714,52.23214286,51.78571429,51.96428571,130621
12/7/2020,51.96428571,51.96428571,51.60714286,51.69642857,109511
12/8/2020,51.69642857,51.69642857,51.16071429,51.25,87734
12/9/2020,51.25,52.14285714,51.25,51.96428571,160290
12/10/2020,51.78571429,52.14285714,51.25,51.33928571,134261
12/13/2020,51.25,51.96428571,51.16071429,51.69642857,215869
12/14/2020,51.78571429,51.875,51.16071429,51.51785714,170829
12/15/2020,51.69642857,51.78571429,51.16071429,51.33928571,88749
12/17/2020,51.33928571,51.96428571,51.16071429,51.33928571,202569
12/20/2020,51.60714286,51.60714286,51.16071429,51.25,128775
12/21/2020,51.51785714,51.51785714,50.98214286,50.98214286,243921
12/22/2020,51.69642857,52.5,51.25,51.60714286,398808
12/23/2020,51.25,51.60714286,51.07142857,51.16071429,112531
12/24/2020,51.25,51.69642857,51.07142857,51.33928571,161243
12/27/2020,51.33928571,55.17857143,51.33928571,54.46428571,1067777
12/28/2020,54.64285714,55.80357143,52.67857143,54.375,836807
12/29/2020,53.92857143,55.35714286,52.5,53.83928571,569070
12/30/2020,54.19642857,55.0,52.76785714,54.46428571,477604
1/3/2021,54.46428571,56.16071429,54.46428571,55.35714286,721651
1/4/2021,55.98214286,58.48214286,55.44642857,58.03571429,1157617
1/5/2021,58.83928571,62.23214286,57.23214286,58.125,1366518
1/6/2021,58.30357143,58.92857143,57.14285714,58.125,680527
1/7/2021,58.125,59.82142857,56.25,57.14285714,699251
1/10/2021,57.32142857,58.30357143,57.05357143,57.41071429,382603
1/11/2021,56.78571429,59.375,56.78571429,58.83928571,462601
1/12/2021,59.10714286,60.35714286,58.48214286,58.92857143,693359
1/13/2021,58.92857143,59.19642857,57.14285714,57.76785714,401768
1/14/2021,58.125,60.0,57.67857143,58.75,539345
1/17/2021,59.82142857,61.42857143,57.23214286,58.66071429,1149540
1/18/2021,57.14285714,58.92857143,56.33928571,57.67857143,398523
1/19/2021,58.48214286,58.48214286,56.42857143,57.5,354607
1/20/2021,57.85714286,57.94642857,56.875,57.41071429,299297
1/21/2021,57.14285714,57.58928571,56.78571429,56.96428571,187260
1/24/2021,57.23214286,57.23214286,56.42857143,57.05357143,296033
1/25/2021,57.14285714,57.58928571,56.69642857,56.96428571,177389
1/26/2021,56.96428571,57.5,56.25,56.42857143,293579
1/27/2021,56.25,57.76785714,55.53571429,55.89285714,411197
1/28/2021,58.83928571,58.83928571,57.23214286,57.5,469605
1/31/2021,58.66071429,58.92857143,57.14285714,57.76785714,201150
2/1/2021,57.76785714,57.85714286,56.42857143,56.60714286,111358
2/2/2021,57.05357143,57.58928571,56.51785714,56.69642857,55871
2/3/2021,56.69642857,57.14285714,56.07142857,56.51785714,229879
2/4/2021,56.51785714,56.875,55.80357143,55.98214286,169737
2/7/2021,55.625,56.25,54.46428571,54.55357143,128573
2/8/2021,54.10714286,54.82142857,53.57142857,53.66071429,187576
2/9/2021,52.85714286,55.80357143,52.85714286,55.53571429,110195
2/10/2021,55.35714286,55.35714286,54.375,54.55357143,130590
2/11/2021,54.01785714,56.25,53.30357143,55.625,227825
2/14/2021,55.625,55.625,54.46428571,54.64285714,133374
2/15/2021,54.73214286,55.53571429,54.46428571,54.82142857,121001
2/16/2021,54.82142857,55.80357143,54.82142857,54.91071429,127316
2/17/2021,54.55357143,56.07142857,54.46428571,54.82142857,46354
2/18/2021,55.26785714,55.625,54.91071429,55.35714286,212769
2/22/2021,55.08928571,55.80357143,54.73214286,55.17857143,102914
2/23/2021,54.73214286,55.35714286,54.10714286,54.55357143,113893
2/24/2021,54.28571429,55.44642857,54.28571429,54.91071429,113959
2/25/2021,54.91071429,55.98214286,54.73214286,55.625,92479
2/28/2021,55.53571429,56.25,55.53571429,56.16071429,94227
3/1/2021,56.16071429,56.16071429,55.17857143,55.89285714,27507
3/2/2021,56.07142857,56.78571429,55.98214286,56.25,230921
3/3/2021,56.42857143,56.42857143,55.17857143,56.07142857,50203
3/4/2021,56.25,56.875,55.80357143,56.69642857,161730
3/7/2021,56.69642857,57.14285714,56.25,56.78571429,106311
3/8/2021,56.78571429,58.57142857,56.78571429,58.39285714,447547
3/9/2021,58.66071429,58.66071429,57.58928571,57.76785714,115034
3/10/2021,57.76785714,57.85714286,56.96428571,57.5,129611
3/11/2021,57.85714286,58.39285714,57.41071429,57.58928571,149264
3/14/2021,57.58928571,57.58928571,56.42857143,56.42857143,124669
3/15/2021,56.69642857,56.96428571,56.16071429,56.42857143,76957
3/16/2021,57.14285714,57.14285714,56.07142857,56.51785714,61889
3/18/2021,56.25,56.69642857,55.0,55.35714286,150495
3/21/2021,55.35714286,55.35714286,54.55357143,54.91071429,151458
3/22/2021,55.0,55.44642857,54.64285714,55.26785714,77436
3/23/2021,55.35714286,55.44642857,54.46428571,54.55357143,55767
3/24/2021,54.55357143,54.73214286,53.83928571,54.46428571,47236
3/25/2021,54.46428571,54.82142857,54.01785714,54.46428571,35753
3/28/2021,54.46428571,54.46428571,54.10714286,54.19642857,13710
3/29/2021,54.28571429,55.17857143,54.28571429,54.91071429,81751
3/31/2021,54.10714286,54.46428571,54.10714286,54.28571429,48088
4/1/2021,54.19642857,54.28571429,53.125,54.10714286,52820
4/4/2021,53.57142857,53.57142857,51.78571429,51.96428571,35116
4/5/2021,54.01785714,54.01785714,52.67857143,53.21428571,3688
4/6/2021,54.10714286,54.10714286,53.57142857,53.83928571,9657
4/7/2021,53.92857143,54.28571429,53.83928571,54.01785714,17980
4/8/2021,54.01785714,54.01785714,51.16071429,53.125,8143
4/11/2021,52.58928571,52.85714286,51.42857143,51.96428571,37632
4/12/2021,52.05357143,53.57142857,52.05357143,52.67857143,25220
4/13/2021,53.30357143,53.39285714,52.76785714,53.21428571,16302
4/15/2021,52.41071429,54.10714286,52.41071429,53.66071429,26841
4/18/2021,53.66071429,53.66071429,52.32142857,52.67857143,50820
4/19/2021,52.67857143,53.48214286,52.58928571,53.03571429,23811
4/20/2021,53.125,54.91071429,53.03571429,54.46428571,40845
4/21/2021,54.375,54.82142857,54.10714286,54.375,26266
4/22/2021,53.66071429,54.28571429,53.66071429,54.01785714,73382
4/25/2021,54.01785714,54.375,53.75,53.83928571,158594
4/26/2021,53.66071429,54.82142857,53.66071429,54.10714286,25025
4/27/2021,54.19642857,54.28571429,53.57142857,53.75,67301
4/28/2021,53.75,54.10714286,53.30357143,53.48214286,105021
4/29/2021,53.66071429,54.01785714,53.48214286,53.75,64773
5/2/2021,55.71428571,58.03571429,55.71428571,55.98214286,259173
5/3/2021,56.51785714,56.875,55.44642857,55.53571429,90614
5/4/2021,55.53571429,56.25,55.53571429,55.89285714,132302
5/5/2021,55.89285714,56.69642857,55.89285714,56.16071429,117747
5/6/2021,56.25,57.14285714,55.98214286,56.96428571,208080
5/9/2021,56.33928571,57.14285714,56.33928571,56.96428571,108676
5/11/2021,56.96428571,57.76785714,56.69642857,57.32142857,153878
5/12/2021,57.76785714,57.85714286,57.14285714,57.67857143,144903
5/16/2021,57.67857143,58.75,57.5,58.57142857,260038
5/17/2021,58.83928571,58.92857143,57.5,58.30357143,192928
5/18/2021,58.125,58.30357143,56.875,56.96428571,259436
5/19/2021,57.32142857,57.32142857,56.51785714,56.78571429,169221
5/20/2021,57.14285714,57.32142857,55.89285714,56.33928571,181751
5/24/2021,56.07142857,56.69642857,55.89285714,56.51785714,42943
5/25/2021,56.69642857,57.5,56.42857143,56.78571429,226140
5/27/2021,56.875,57.85714286,56.875,57.32142857,155988
5/30/2021,57.67857143,57.67857143,56.69642857,56.78571429,136238
5/31/2021,56.78571429,57.58928571,56.69642857,57.32142857,160327
6/1/2021,56.875,58.03571429,56.25,57.14285714,131942
6/2/2021,57.14285714,57.23214286,56.96428571,57.05357143,177196
6/7/2021,55.80357143,56.42857143,55.53571429,55.53571429,183895
6/8/2021,55.80357143,56.16071429,55.35714286,55.80357143,103691
6/9/2021,56.16071429,57.14285714,55.53571429,56.69642857,203478
6/10/2021,56.69642857,57.32142857,55.53571429,56.51785714,252677
6/13/2021,57.05357143,57.41071429,56.25,56.875,190698
6/14/2021,56.69642857,57.05357143,56.33928571,56.875,134461
6/15/2021,56.875,57.05357143,56.07142857,56.33928571,150400
6/16/2021,56.33928571,56.96428571,56.25,56.69642857,115765
6/17/2021,57.5,62.05357143,56.69642857,59.64285714,1593953
6/20/2021,59.64285714,62.5,58.48214286,62.32142857,1104701
6/21/2021,62.5,62.67857143,59.91071429,60.17857143,806802
6/22/2021,60.0,60.0,59.28571429,59.73214286,407852
6/23/2021,59.73214286,60.26785714,59.28571429,59.375,288153
6/24/2021,59.375,60.0,59.01785714,59.375,327936
6/27/2021,59.375,59.375,56.96428571,57.05357143,338653
6/28/2021,57.58928571,58.03571429,57.05357143,57.58928571,106520
6/29/2021,57.67857143,58.125,57.32142857,57.85714286,109805
6/30/2021,57.85714286,58.39285714,57.41071429,57.94642857,121404
7/5/2021,58.03571429,59.01785714,58.03571429,58.75,158899
7/6/2021,59.10714286,59.19642857,58.39285714,58.83928571,191088
7/7/2021,58.75,59.91071429,58.75,58.92857143,215017
7/8/2021,59.19642857,59.28571429,58.39285714,58.92857143,164913
7/12/2021,58.75,59.10714286,58.21428571,58.83928571,169583
7/13/2021,59.19642857,59.28571429,58.57142857,59.01785714,95854
7/14/2021,59.64285714,59.64285714,58.66071429,58.92857143,163900
7/15/2021,59.01785714,59.46428571,58.83928571,59.19642857,120682
7/18/2021,58.66071429,60.80357143,58.66071429,60.71428571,274056
7/19/2021,60.71428571,60.71428571,59.46428571,59.82142857,123253
7/25/2021,60.0,60.26785714,59.46428571,59.55357143,139026
7/26/2021,59.28571429,60.0,58.66071429,58.83928571,198067
7/27/2021,58.83928571,59.28571429,58.75,59.01785714,142825
7/28/2021,59.28571429,59.46428571,58.75,59.19642857,162898
7/29/2021,58.83928571,59.28571429,58.21428571,58.48214286,333228
8/2/2021,58.48214286,59.19642857,58.21428571,58.92857143,188455
8/3/2021,59.375,60.26785714,58.75,60.0,349093
8/5/2021,59.46428571,60.53571429,59.19642857,59.64285714,260832
8/9/2021,59.64285714,63.75,59.46428571,62.67857143,1409869
8/10/2021,63.66071429,65.0,62.94642857,63.57142857,1097783
8/11/2021,63.30357143,63.30357143,61.42857143,62.41071429,472640
8/12/2021,62.58928571,62.67857143,61.78571429,62.05357143,301030
8/16/2021,62.5,64.28571429,62.23214286,64.01785714,902666
8/17/2021,64.64285714,65.89285714,64.375,65.17857143,993733
8/18/2021,65.80357143,69.55357143,64.55357143,67.94642857,1906813
8/19/2021,67.14285714,68.125,66.16071429,66.51785714,711695
8/22/2021,66.60714286,69.10714286,66.25,66.60714286,813936
8/23/2021,67.76785714,69.73214286,67.05357143,69.28571429,1491874
8/24/2021,69.64285714,70.53571429,68.39285714,68.75,944596
8/25/2021,69.28571429,72.67857143,68.66071429,71.07142857,1396260
8/26/2021,71.07142857,71.33928571,69.01785714,69.46428571,550793
8/29/2021,69.10714286,71.42857143,67.85714286,70.08928571,899446
8/31/2021,70.35714286,71.60714286,69.10714286,69.64285714,760587
9/1/2021,70.44642857,70.44642857,68.75,68.92857143,398308
9/2/2021,69.64285714,69.64285714,68.75,69.10714286,631463
9/5/2021,69.64285714,75.98214286,69.64285714,75.98214286,5321148
9/6/2021,79.19642857,83.57142857,79.19642857,81.51785714,6756882
9/7/2021,81.51785714,84.82142857,76.69642857,77.5,4319739
9/8/2021,79.82142857,82.14285714,79.46428571,80.625,2442709
9/9/2021,80.89285714,81.42857143,76.33928571,77.14285714,2468947
9/12/2021,77.76785714,78.39285714,71.42857143,73.125,1962714
9/13/2021,73.83928571,73.83928571,71.78571429,72.14285714,1981517
9/14/2021,73.03571429,75.44642857,73.03571429,73.39285714,1288035
9/15/2021,73.48214286,74.73214286,72.58928571,74.01785714,1065296
9/16/2021,74.46428571,75.53571429,73.66071429,74.19642857,712128
9/19/2021,74.91071429,81.51785714,74.10714286,77.94642857,2102456
9/20/2021,80.17857143,80.17857143,76.33928571,76.60714286,883479
9/21/2021,76.07142857,77.23214286,73.21428571,73.66071429,1301227
9/22/2021,75.44642857,75.44642857,73.92857143,74.10714286,425032
9/23/2021,75.26785714,75.71428571,73.66071429,74.82142857,600476
9/26/2021,76.69642857,77.67857143,75.17857143,77.32142857,1184480
9/27/2021,77.67857143,79.46428571,76.875,77.05357143,803089
9/28/2021,77.67857143,78.57142857,75.98214286,76.51785714,1634910
9/29/2021,77.41071429,77.41071429,75.08928571,75.35714286,928560
9/30/2021,75.44642857,77.23214286,75.44642857,76.60714286,1324238
10/3/2021,77.23214286,78.39285714,77.05357143,77.85714286,893469
10/4/2021,78.48214286,81.69642857,78.125,79.10714286,3035634
10/5/2021,80.0,80.0,77.67857143,78.48214286,1262543
10/6/2021,78.57142857,84.82142857,78.57142857,83.03571429,2803683
10/7/2021,83.75,83.75,77.94642857,78.57142857,1317043
10/10/2021,78.57142857,80.0,75.98214286,76.25,917293
10/11/2021,76.33928571,77.5,75.53571429,75.80357143,764272
10/12/2021,76.60714286,76.78571429,74.10714286,74.73214286,630764
10/13/2021,75.26785714,75.44642857,72.41071429,72.85714286,657061
10/14/2021,73.48214286,73.66071429,71.60714286,72.67857143,434152
10/17/2021,73.66071429,74.28571429,70.53571429,71.51785714,540870
10/18/2021,72.58928571,72.58928571,68.83928571,69.73214286,509771
10/19/2021,73.03571429,74.46428571,68.57142857,69.73214286,1239455
10/21/2021,71.78571429,72.67857143,70.08928571,70.80357143,524100
10/24/2021,71.60714286,71.875,69.64285714,69.73214286,415684
10/25/2021,69.375,69.46428571,67.76785714,68.03571429,486573
10/26/2021,69.46428571,70.26785714,68.03571429,69.73214286,407679
10/27/2021,69.91071429,70.53571429,67.05357143,67.5,903515
10/28/2021,67.67857143,68.48214286,66.78571429,68.125,493569
10/31/2021,69.28571429,69.82142857,68.03571429,68.30357143,377818
11/1/2021,68.48214286,68.75,67.5,67.94642857,254270
11/2/2021,67.94642857,68.66071429,67.41071429,67.76785714,262430
11/3/2021,67.67857143,68.21428571,66.51785714,66.78571429,276051
11/4/2021,67.5,67.76785714,66.51785714,67.5,369371
11/7/2021,67.14285714,68.66071429,67.14285714,67.67857143,232161
11/8/2021,67.41071429,67.85714286,66.25,66.78571429,404183
11/10/2021,66.2,69.9,66.2,69.1,514689
11/11/2021,70.2,70.2,67.5,67.8,326041
11/14/2021,67.5,68.0,66.7,67.2,211606
11/15/2021,68.0,68.9,66.6,66.9,344725
11/16/2021,66.9,68.0,66.4,67.1,346331
11/17/2021,67.2,67.5,65.8,66.7,506954
11/18/2021,66.4,67.2,66.1,66.4,199048
11/21/2021,66.4,66.4,65.0,65.9,532260
11/22/2021,66.3,67.8,65.2,67.3,380834
11/23/2021,67.0,68.0,66.5,67.0,258254
11/24/2021,67.6,67.8,66.5,67.2,281473
11/25/2021,68.0,68.0,66.7,66.9,115945
11/28/2021,66.9,67.0,65.6,66.7,175239
11/29/2021,66.0,67.4,66.0,66.4,81202
11/30/2021,67.3,67.3,65.7,66.5,96900
12/1/2021,66.7,69.7,66.7,69.0,537616
12/2/2021,67.1,72.8,67.0,70.8,642415
12/5/2021,72.3,72.3,69.6,69.9,202355
12/6/2021,71.0,71.0,69.2,69.9,138419
12/7/2021,70.5,70.5,69.1,70.0,279634
12/8/2021,70.0,72.4,69.6,69.9,292828
12/9/2021,71.0,71.9,69.6,71.4,350535
12/12/2021,71.4,72.0,70.2,71.2,204148
12/13/2021,70.7,71.4,70.1,70.3,227973
12/14/2021,70.5,70.8,69.2,69.9,221715
12/15/2021,69.0,69.7,68.7,69.2,142164
12/19/2021,69.2,69.2,67.5,67.8,133590
12/20/2021,68.2,69.0,66.5,66.8,125239
12/21/2021,66.8,68.5,66.8,67.4,51553
12/22/2021,67.7,67.7,66.8,67.2,78497
12/23/2021,67.1,67.1,66.5,66.6,103101
12/26/2021,66.4,67.0,66.0,66.6,120307
12/27/2021,66.6,67.0,66.0,66.2,126076
12/28/2021,66.2,67.7,66.2,67.3,203133
12/29/2021,67.1,67.4,66.5,66.6,150190
12/30/2021,66.5,70.0,66.2,67.8,378602
1/2/2022,68.0,70.7,68.0,69.9,270773
1/3/2022,70.1,71.1,69.7,70.1,506350
1/4/2022,70.3,70.3,69.0,69.3,106442
1/5/2022,69.4,71.2,69.4,70.3,481880
1/6/2022,70.4,72.3,70.4,71.9,498149
1/9/2022,72.0,72.4,69.5,70.2,260618
1/10/2022,69.7,70.6,69.3,70.5,312733
1/11/2022,70.8,72.4,70.6,70.9,328232
1/12/2022,71.0,71.4,68.9,69.5,273085
1/13/2022,69.8,69.9,68.0,68.4,369174
1/16/2022,70.3,70.3,68.8,69.0,223125
1/17/2022,69.5,75.2,69.1,74.6,1693481
1/18/2022,75.0,77.0,74.0,75.2,920260
1/19/2022,75.5,76.0,74.0,74.4,617573
1/20/2022,75.2,78.1,74.5,75.3,2085049
1/23/2022,75.2,75.2,72.6,72.9,629570
1/24/2022,72.9,73.1,71.0,71.2,264596
1/25/2022,71.9,71.9,70.0,70.5,534054
1/26/2022,70.7,71.9,70.6,71.4,172282
1/27/2022,71.9,72.4,71.2,72.0,239464
1/30/2022,72.1,72.6,71.2,71.8,279095
1/31/2022,71.9,72.4,71.6,71.8,504732
2/1/2022,72.0,74.1,71.6,73.6,850733
2/2/2022,74.1,77.0,73.7,74.8,1014388
2/3/2022,74.9,77.5,74.4,75.6,655738
2/6/2022,76.2,76.2,74.7,75.0,426855
2/7/2022,75.7,76.8,75.0,75.8,668674
2/8/2022,76.7,79.0,75.9,78.7,1633140
2/9/2022,78.7,79.4,77.2,78.0,596605
2/10/2022,78.3,78.6,76.3,77.5,778078
2/13/2022,77.5,78.0,76.2,76.5,271059
2/14/2022,78.0,78.6,75.8,76.1,826976
2/15/2022,76.2,76.2,73.6,74.1,569513
2/16/2022,75.8,75.8,74.3,75.3,304038
2/17/2022,75.7,75.9,74.0,74.4,235237
2/20/2022,74.5,74.7,72.8,72.9,293772
2/22/2022,73.4,74.4,72.7,73.2,126388
2/23/2022,74.2,74.2,73.0,73.1,238438
2/24/2022,73.7,73.7,69.3,69.8,814460
2/27/2022,69.8,72.3,68.2,70.5,454756
2/28/2022,70.5,72.6,70.4,72.4,304376
3/1/2022,72.4,72.8,70.1,70.3,308588
3/2/2022,70.4,71.5,69.7,70.9,128620
3/3/2022,71.7,72.0,70.0,71.1,204303
3/6/2022,71.2,71.7,70.0,71.3,121898
3/7/2022,71.3,71.3,67.7,68.1,266710
3/8/2022,69.0,70.0,66.3,69.6,314224
3/9/2022,71.0,71.0,69.5,70.4,364041
3/10/2022,71.5,71.5,69.0,69.4,277469
3/13/2022,70.3,71.5,69.5,71.3,128144
3/14/2022,71.6,71.6,70.2,70.5,149645
3/15/2022,71.2,71.2,70.0,70.3,255509
3/16/2022,71.0,71.0,70.0,70.0,196627
3/20/2022,70.7,70.7,69.2,69.4,118233
3/21/2022,70.0,70.0,69.0,69.2,75933
3/22/2022,70.0,71.0,69.8,70.9,158384
3/23/2022,71.3,71.4,70.0,70.3,235474
3/24/2022,70.9,71.0,70.0,70.1,146515
3/27/2022,70.1,70.9,69.8,70.5,59368
3/28/2022,70.5,71.4,70.5,71.0,148936
3/29/2022,71.9,72.7,71.5,72.5,360742
3/30/2022,72.9,73.0,71.4,71.8,214538
3/31/2022,72.0,72.0,71.0,71.3,118611
4/3/2022,72.0,72.0,70.5,70.9,125586
4/4/2022,70.7,71.9,70.1,70.2,183571
4/5/2022,71.0,71.3,70.0,70.6,119959
4/6/2022,71.0,71.0,70.0,70.4,121129
4/7/2022,70.2,70.9,69.6,70.0,104591
4/10/2022,70.0,71.5,70.0,71.0,114106
4/11/2022,71.9,72.3,71.1,71.4,216734
4/12/2022,71.6,71.6,70.1,70.4,148712
4/13/2022,70.9,72.3,70.0,72.1,212109
4/17/2022,72.1,72.4,71.4,71.7,103315
4/18/2022,72.8,72.9,71.7,72.4,981641
4/19/2022,72.9,79.0,72.4,77.9,1846468
4/20/2022,77.9,78.1,76.4,76.4,907651
4/21/2022,74.4,77.6,74.4,76.4,1040909
4/24/2022,77.0,80.0,76.8,78.2,1622939
4/25/2022,77.8,79.2,76.7,78.8,1102715
4/26/2022,78.6,82.5,78.1,81.8,2820649
4/27/2022,82.2,83.8,81.0,81.6,1603140
4/28/2022,81.5,81.5,79.7,80.5,1109581
5/5/2022,79.8,80.9,78.5,80.1,535164
5/8/2022,80.0,83.2,80.0,82.8,2137011
5/9/2022,82.8,84.5,82.0,83.6,1449073
5/10/2022,83.8,83.8,80.9,81.2,1615528
5/11/2022,81.2,82.4,79.2,79.7,1017132
5/12/2022,79.8,80.5,77.8,79.8,565542
5/16/2022,79.0,79.8,76.4,76.8,460840
5/17/2022,79.7,79.7,75.6,78.2,388183
5/18/2022,79.4,79.4,76.5,76.8,334310
5/19/2022,76.0,77.2,75.6,76.3,411785
5/22/2022,76.6,76.8,74.6,75.1,293626
5/23/2022,76.0,78.0,76.0,76.9,506529
5/24/2022,77.1,77.8,75.6,76.0,355171
5/25/2022,74.8,76.5,74.8,76.2,284552
5/26/2022,75.5,77.6,75.3,77.0,249130
5/29/2022,78.3,78.9,77.6,78.5,449088
5/30/2022,78.9,78.9,77.0,77.6,255320
5/31/2022,77.9,77.9,76.7,77.1,293313
6/1/2022,77.1,78.5,77.0,77.9,240231
6/2/2022,78.0,78.6,77.2,77.5,298992
6/5/2022,78.4,78.5,77.6,78.1,261431
6/6/2022,78.4,78.4,77.0,77.1,537349
6/7/2022,77.5,77.5,76.6,76.7,202924
6/8/2022,76.7,77.8,76.4,76.9,283221
6/9/2022,77.2,78.3,76.7,76.8,175961
6/12/2022,76.7,76.9,75.4,75.6,180501
6/13/2022,75.6,76.4,75.5,75.7,107527
6/14/2022,76.9,76.9,75.6,75.6,143804
6/15/2022,75.1,77.0,75.1,76.4,177173
6/16/2022,77.0,78.4,76.1,77.4,284669
6/19/2022,78.0,78.2,76.5,76.6,178630
6/20/2022,77.0,77.0,75.5,75.9,150153
6/21/2022,75.9,75.9,74.8,75.0,457761
6/22/2022,75.2,76.8,75.0,76.6,117740
6/23/2022,76.7,76.8,75.9,76.5,117394
6/26/2022,76.4,76.5,75.7,75.9,113732
6/27/2022,76.4,77.3,75.8,76.9,152871
6/28/2022,76.9,77.6,76.7,76.9,144850
6/29/2022,77.0,77.0,76.7,76.9,113440
6/30/2022,77.0,77.0,76.4,76.7,118307
7/3/2022,76.7,76.9,75.8,75.9,45356
7/4/2022,76.1,76.1,75.5,75.5,144675
7/5/2022,75.6,76.6,75.5,75.9,147452
7/6/2022,76.6,76.6,75.7,76.3,80385
7/7/2022,76.6,77.0,75.5,76.4,97203
7/12/2022,76.5,76.5,75.5,75.6,30465
7/13/2022,76.6,76.7,75.3,75.4,107493
7/14/2022,75.4,75.8,74.9,75.5,90308
7/17/2022,75.1,76.2,75.1,75.3,80243
7/18/2022,75.1,75.5,73.8,73.8,104536
7/19/2022,72.4,72.4,72.4,72.4,31157
7/20/2022,71.0,73.0,71.0,71.3,342213
7/21/2022,72.8,72.8,69.9,69.9,418487
7/24/2022,69.3,69.8,68.6,68.6,99264
7/25/2022,67.3,68.2,67.3,67.7,334781
7/26/2022,68.8,69.9,66.4,66.5,347906
7/27/2022,66.6,66.6,65.2,65.2,218603
7/28/2022,65.3,65.3,63.9,64.1,152904
7/31/2022,66.5,67.1,66.4,66.9,122397
8/1/2022,67.2,67.8,66.7,67.1,222969
8/2/2022,67.8,69.1,67.3,68.8,192774
8/3/2022,69.2,70.0,69.0,69.2,437313
8/4/2022,68.0,69.5,68.0,69.2,257412
8/7/2022,69.2,69.4,68.5,68.6,371766
8/8/2022,68.6,68.9,67.4,67.6,213843
8/10/2022,67.5,67.5,66.4,66.5,351958
8/11/2022,66.5,67.5,66.4,67.0,66538
8/14/2022,67.3,67.6,66.5,66.8,81754
8/16/2022,67.0,67.8,66.8,67.1,96696
8/17/2022,67.7,68.0,67.0,67.2,118238
8/21/2022,67.3,68.1,66.4,67.8,313210
8/22/2022,68.5,70.0,68.3,69.9,611094
8/23/2022,69.5,69.8,68.1,68.4,219219
8/24/2022,67.7,68.7,67.4,67.6,79066
8/25/2022,67.4,69.4,67.0,68.0,152508
8/28/2022,70.5,70.5,67.0,67.5,253784
8/29/2022,67.5,70.5,67.5,70.4,384196
8/30/2022,70.3,70.3,69.0,69.4,267782
8/31/2022,69.4,73.1,68.5,70.8,794530
9/1/2022,71.0,74.3,71.0,73.8,839441
9/4/2022,74.7,77.6,73.1,73.7,1000029
9/5/2022,74.1,75.9,71.1,71.7,570361
9/6/2022,71.6,73.0,70.5,71.0,435483
9/7/2022,72.0,74.2,71.8,72.1,570097
9/8/2022,73.3,73.3,70.2,70.9,658277
9/11/2022,71.1,71.1,69.0,69.9,412974
9/12/2022,70.5,70.9,68.7,69.7,421507
9/13/2022,71.0,71.8,69.2,69.7,428505
9/14/2022,69.5,70.9,69.5,69.8,176810
9/15/2022,70.0,70.8,68.8,69.6,293920
9/18/2022,69.7,71.4,69.6,70.0,260425
9/19/2022,69.8,70.2,68.7,69.2,731753
9/20/2022,69.0,72.7,69.0,71.0,864648
9/21/2022,72.0,76.7,71.3,75.6,2750105
9/22/2022,76.3,79.8,75.0,76.6,2065117
9/25/2022,77.4,77.5,74.2,75.1,1292075
9/26/2022,77.7,78.4,73.7,74.3,2637210
9/27/2022,75.0,75.4,72.2,72.5,1075927
9/28/2022,73.5,74.3,72.0,72.4,1093928
9/29/2022,72.6,73.7,71.2,71.5,529980
10/2/2022,71.8,72.3,70.7,70.9,947813
10/3/2022,71.2,72.0,70.9,71.5,388165
10/4/2022,71.5,72.1,70.5,70.7,512067
10/6/2022,72.4,72.4,70.1,71.8,603438
10/10/2022,72.6,72.6,66.4,67.9,716510
10/11/2022,68.0,68.9,66.5,66.8,456622
10/12/2022,68.4,69.4,66.8,68.5,472489
10/13/2022,68.7,69.2,67.8,68.1,299020
10/16/2022,68.1,68.8,67.2,67.4,320177
10/17/2022,69.0,69.0,66.6,66.8,358639
10/18/2022,66.9,67.9,66.4,66.7,453759
10/19/2022,66.9,68.0,66.5,67.2,378842
10/20/2022,67.1,67.1,66.5,66.7,251334
10/23/2022,66.6,67.2,66.4,66.4,332129
10/24/2022,66.4,66.4,66.4,66.4,27921
10/25/2022,66.4,67.0,66.4,66.4,194468
10/26/2022,66.4,67.4,66.4,66.5,183556
10/27/2022,66.5,68.0,66.4,67.7,324756
10/30/2022,67.7,67.9,66.9,67.2,142401
10/31/2022,67.0,67.4,66.5,66.6,478818
11/1/2022,66.6,68.7,66.4,68.4,395664
11/2/2022,69.0,69.2,66.6,66.9,505929
11/3/2022,67.5,69.0,66.8,68.3,726506
11/7/2022,61.0,61.0,61.0,61.0,163847
11/8/2022,61.0,61.0,61.0,61.0,27847
11/9/2022,61.0,61.0,61.0,61.0,2284
11/10/2022,61.0,61.0,61.0,61.0,1908
11/13/2022,61.0,61.0,61.0,61.0,3908
11/14/2022,61.0,61.0,61.0,61.0,276
11/15/2022,61.0,61.0,61.0,61.0,192
11/16/2022,61.0,61.0,61.0,61.0,3844
11/17/2022,61.0,61.0,61.0,61.0,1769
11/20/2022,61.0,61.0,61.0,61.0,600
11/21/2022,61.0,61.0,61.0,61.0,14
11/22/2022,61.0,61.0,61.0,61.0,9
11/23/2022,61.0,61.0,61.0,61.0,404
11/24/2022,61.0,61.0,61.0,61.0,775
11/27/2022,61.0,61.0,61.0,61.0,2010
11/28/2022,61.0,61.0,61.0,61.0,260
11/29/2022,61.0,61.0,61.0,61.0,230
11/30/2022,61.0,61.0,61.0,61.0,2124
12/1/2022,61.0,61.0,61.0,61.0,1250
12/4/2022,61.0,61.0,61.0,61.0,1020
12/5/2022,61.0,61.0,61.0,61.0,76
12/6/2022,61.0,61.0,61.0,61.0,400
12/7/2022,61.0,61.0,61.0,61.0,301
12/8/2022,61.0,61.0,61.0,61.0,782
12/11/2022,61.0,61.0,61.0,61.0,1278
12/12/2022,61.0,61.0,61.0,61.0,1868
12/13/2022,61.0,61.0,61.0,61.0,2346
12/14/2022,61.0,61.0,61.0,61.0,242
12/18/2022,61.0,61.0,61.0,61.0,274
12/19/2022,61.0,61.0,61.0,61.0,552
12/20/2022,61.0,61.0,61.0,61.0,178
12/21/2022,61.0,61.0,61.0,61.0,1983
12/22/2022,61.0,61.0,61.0,61.0,1382
12/26/2022,61.0,61.0,61.0,61.0,1130
12/28/2022,61.0,61.0,61.0,61.0,1136
12/29/2022,61.0,61.0,61.0,61.0,9038
1/1/2023,61.0,61.0,61.0,61.0,1015
1/2/2023,61.0,61.0,61.0,61.0,344
1/3/2023,61.0,61.0,61.0,61.0,1055
1/4/2023,61.0,61.0,61.0,61.0,1005
1/5/2023,61.0,61.0,61.0,61.0,418
1/8/2023,61.0,61.0,61.0,61.0,1109
1/9/2023,61.0,61.0,61.0,61.0,79
1/10/2023,61.0,61.0,61.0,61.0,130
1/11/2023,61.0,61.0,61.0,61.0,151
1/12/2023,61.0,61.0,61.0,61.0,15
1/15/2023,61.0,61.0,61.0,61.0,2243
1/16/2023,61.0,61.0,61.0,61.0,1738
1/17/2023,61.0,61.0,61.0,61.0,5382
1/18/2023,61.0,61.0,61.0,61.0,9554
1/19/2023,61.0,61.0,61.0,61.0,975
1/22/2023,61.0,61.0,61.0,61.0,1592
1/23/2023,61.0,61.0,61.0,61.0,518
1/24/2023,61.0,61.0,61.0,61.0,110
1/25/2023,61.0,61.0,61.0,61.0,22
1/26/2023,61.0,61.0,61.0,61.0,1341
1/29/2023,61.0,61.0,61.0,61.0,12
1/30/2023,61.0,61.0,61.0,61.0,21
1/31/2023,61.0,61.0,61.0,61.0,254
2/1/2023,61.0,61.0,61.0,61.0,10
2/5/2023,61.0,61.0,61.0,61.0,818
2/6/2023,61.0,61.0,61.0,61.0,33
2/7/2023,61.0,61.0,61.0,61.0,50
2/8/2023,61.0,61.0,61.0,61.0,90
2/9/2023,61.0,61.0,61.0,61.0,105
2/13/2023,61.0,61.0,61.0,61.0,7
2/14/2023,61.0,61.0,61.0,61.0,20
2/16/2023,61.0,61.0,61.0,61.0,104
2/19/2023,61.0,61.0,61.0,61.0,3
2/20/2023,61.0,61.0,61.0,61.0,10
2/23/2023,61.0,61.0,61.0,61.0,4350
2/26/2023,61.0,61.0,61.0,61.0,6
2/27/2023,61.0,61.0,61.0,61.0,1
2/28/2023,61.0,61.0,61.0,61.0,10
3/1/2023,61.0,61.0,61.0,61.0,740
3/2/2023,61.0,61.0,61.0,61.0,130
3/5/2023,61.0,61.0,61.0,61.0,2950
3/7/2023,61.0,61.0,61.0,61.0,25
3/9/2023,61.0,61.0,61.0,61.0,899
3/12/2023,61.0,61.0,61.0,61.0,3871
3/13/2023,61.0,61.0,61.0,61.0,50
3/15/2023,61.0,61.0,61.0,61.0,20
3/16/2023,61.0,61.0,61.0,61.0,26
3/20/2023,61.0,61.0,61.0,61.0,1
3/21/2023,61.0,61.0,61.0,61.0,50
3/22/2023,61.0,61.0,61.0,61.0,750
3/23/2023,61.0,61.0,61.0,61.0,100
3/27/2023,61.0,61.0,61.0,61.0,2
3/28/2023,61.0,61.0,61.0,61.0,15
3/29/2023,61.0,61.0,61.0,61.0,8
4/2/2023,61.0,61.0,61.0,61.0,96
4/3/2023,61.0,61.0,61.0,61.0,530
4/4/2023,61.0,61.0,61.0,61.0,160
4/9/2023,61.0,61.0,61.0,61.0,529
4/11/2023,61.0,61.0,61.0,61.0,160
4/12/2023,61.0,61.0,61.0,61.0,214
4/13/2023,61.0,61.0,61.0,61.0,54
4/18/2023,61.0,61.0,61.0,61.0,5
4/24/2023,61.0,61.0,61.0,61.0,200
4/25/2023,61.0,61.0,61.0,61.0,107
4/26/2023,61.0,61.0,61.0,61.0,1010
4/27/2023,61.0,61.0,61.0,61.0,101
4/30/2023,61.0,61.0,61.0,61.0,200
5/2/2023,61.0,61.0,61.0,61.0,492
5/3/2023,61.0,61.0,61.0,61.0,62
5/7/2023,61.0,61.0,61.0,61.0,2413
5/8/2023,61.0,61.0,61.0,61.0,59
5/9/2023,61.0,61.0,61.0,61.0,101
5/11/2023,61.0,61.0,61.0,61.0,147
5/14/2023,61.0,61.0,61.0,61.0,450
5/15/2023,61.0,61.0,61.0,61.0,3
5/17/2023,61.0,61.0,61.0,61.0,1
5/18/2023,61.0,61.0,61.0,61.0,289
5/21/2023,61.0,61.0,61.0,61.0,572
5/22/2023,61.0,61.0,61.0,61.0,54
5/23/2023,61.0,61.0,61.0,61.0,110
5/24/2023,61.0,61.0,61.0,61.0,150
5/25/2023,61.0,61.0,61.0,61.0,366
5/28/2023,61.0,61.0,61.0,61.0,205
5/29/2023,61.0,61.0,61.0,61.0,70
5/30/2023,61.0,61.0,61.0,61.0,4
5/31/2023,61.0,61.0,61.0,61.0,30
6/1/2023,61.0,61.0,61.0,61.0,51
6/4/2023,61.0,61.0,61.0,61.0,525
6/5/2023,61.0,61.0,61.0,61.0,1171
6/6/2023,61.0,61.0,61.0,61.0,308
6/11/2023,61.0,61.0,61.0,61.0,20
6/12/2023,61.0,61.0,61.0,61.0,9
6/13/2023,61.0,61.0,61.0,61.0,164
6/15/2023,61.0,61.0,61.0,61.0,4
6/18/2023,61.0,61.0,61.0,61.0,25
6/19/2023,61.0,61.0,61.0,61.0,50
6/20/2023,61.0,61.0,61.0,61.0,2351
6/21/2023,61.0,61.0,61.0,61.0,105
6/22/2023,61.0,61.0,61.0,61.0,12
6/25/2023,61.0,61.0,61.0,61.0,415
6/26/2023,61.0,61.0,61.0,61.0,3270
7/2/2023,61.0,61.0,61.0,61.0,1773
7/3/2023,61.0,61.0,61.0,61.0,10
7/4/2023,61.0,61.0,61.0,61.0,631
7/5/2023,61.0,61.0,61.0,61.0,522
7/6/2023,61.0,61.0,61.0,61.0,248
7/9/2023,61.0,61.0,61.0,61.0,160
7/10/2023,61.0,61.0,61.0,61.0,15680
7/11/2023,61.0,61.0,61.0,61.0,36
7/12/2023,61.0,61.0,61.0,61.0,1510
7/13/2023,61.0,61.0,61.0,61.0,5
7/16/2023,61.0,61.0,61.0,61.0,16300
7/17/2023,61.0,61.0,61.0,61.0,8441
7/18/2023,61.0,61.0,61.0,61.0,210
7/19/2023,61.0,61.0,61.0,61.0,10
7/20/2023,61.0,61.0,61.0,61.0,2
7/24/2023,61.0,61.0,61.0,61.0,1085
7/25/2023,61.0,61.0,61.0,61.0,207
7/26/2023,61.0,61.0,61.0,61.0,1200
7/27/2023,61.0,61.0,61.0,61.0,1000
7/30/2023,61.0,61.0,61.0,61.0,1001
7/31/2023,61.0,61.0,61.0,61.0,790
8/1/2023,61.0,61.0,61.0,61.0,5
8/2/2023,61.0,61.0,61.0,61.0,1
8/3/2023,61.0,61.0,61.0,61.0,1
8/6/2023,61.0,61.0,61.0,61.0,31
8/7/2023,61.0,61.0,61.0,61.0,671
8/8/2023,61.0,61.0,61.0,61.0,1300
8/9/2023,61.0,61.0,61.0,61.0,1
8/13/2023,61.0,61.0,61.0,61.0,134
8/14/2023,61.0,61.0,61.0,61.0,45
8/16/2023,61.0,61.0,61.0,61.0,1
8/17/2023,61.0,61.0,61.0,61.0,24
8/20/2023,61.0,61.0,61.0,61.0,21
8/21/2023,61.0,61.0,61.0,61.0,3620
8/22/2023,61.0,61.0,61.0,61.0,50
8/23/2023,61.0,61.0,61.0,61.0,3050
8/24/2023,61.0,61.0,61.0,61.0,151
8/27/2023,61.0,61.0,61.0,61.0,1
8/28/2023,61.0,61.0,61.0,61.0,5
8/29/2023,61.0,61.0,61.0,61.0,1
8/30/2023,61.0,61.0,61.0,61.0,5
8/31/2023,61.0,61.0,61.0,61.0,11
9/3/2023,61.0,61.0,61.0,61.0,409
9/4/2023,61.0,61.0,61.0,61.0,40
9/5/2023,61.0,61.0,61.0,61.0,2330
9/7/2023,61.0,61.0,61.0,61.0,377
9/10/2023,61.0,61.0,61.0,61.0,93
9/14/2023,61.0,61.0,61.0,61.0,80
9/19/2023,61.0,61.0,61.0,61.0,2867
9/21/2023,61.0,61.0,61.0,61.0,8
10/2/2023,61.0,61.0,61.0,61.0,9
10/3/2023,61.0,61.0,61.0,61.0,9
10/5/2023,61.0,61.0,61.0,61.0,2
10/8/2023,61.0,61.0,61.0,61.0,3
10/11/2023,61.0,61.0,61.0,61.0,45
10/15/2023,61.0,61.0,61.0,61.0,24
10/17/2023,61.0,61.0,61.0,61.0,49
10/19/2023,61.0,61.0,61.0,61.0,11
11/1/2023,61.0,61.0,61.0,61.0,266
11/2/2023,61.0,61.0,61.0,61.0,4
11/5/2023,61.0,61.0,61.0,61.0,292
11/6/2023,61.0,61.0,61.0,61.0,2145
11/8/2023,61.0,61.0,61.0,61.0,111
11/19/2023,61.0,61.0,61.0,61.0,5040
11/20/2023,61.0,61.0,61.0,61.0,260
11/21/2023,61.0,61.0,61.0,61.0,114
11/28/2023,61.0,61.0,61.0,61.0,45
11/30/2023,61.0,61.0,61.0,61.0,55
12/4/2023,61.0,61.0,61.0,61.0,1
12/6/2023,61.0,61.0,61.0,61.0,80
12/11/2023,61.0,61.0,61.0,61.0,5
12/12/2023,61.0,61.0,61.0,61.0,10
12/13/2023,61.0,61.0,61.0,61.0,10
12/17/2023,61.0,61.0,61.0,61.0,4
12/19/2023,61.0,61.0,61.0,61.0,1
12/24/2023,61.0,61.0,61.0,61.0,2
12/28/2023,61.0,61.0,61.0,61.0,6
1/2/2024,61.0,61.0,61.0,61.0,7463
1/3/2024,61.0,61.0,61.0,61.0,1
1/9/2024,61.0,61.0,61.0,61.0,1
1/14/2024,61.0,61.0,61.0,61.0,3969
1/16/2024,61.0,61.0,61.0,61.0,5
1/17/2024,61.0,61.0,61.0,61.0,48
1/18/2024,61.0,61.0,61.0,61.0,1
1/21/2024,61.0,61.0,61.0,61.0,100
1/22/2024,61.0,61.0,61.0,61.0,64
1/23/2024,54.9,54.9,54.9,54.9,6900
1/24/2024,49.6,50.0,49.5,49.5,366849
1/25/2024,48.0,48.0,44.6,44.6,627570
1/28/2024,44.6,44.6,40.4,40.7,326163
1/29/2024,40.9,41.8,40.0,40.9,294032
1/30/2024,41.5,43.4,41.5,43.1,270880
1/31/2024,45.1,46.2,43.1,43.6,252092
2/1/2024,43.6,45.5,43.5,44.8,215175
2/4/2024,45.0,46.5,45.0,45.4,309245
2/5/2024,45.5,45.6,44.5,45.0,289557
2/6/2024,44.8,47.3,44.7,46.6,475460
2/7/2024,46.2,47.1,46.0,46.9,272857
2/8/2024,47.0,48.6,47.0,47.5,353033
2/11/2024,48.2,49.1,47.2,47.4,332299
2/12/2024,48.4,48.6,46.1,46.3,265561
2/13/2024,46.3,46.6,45.1,45.3,365503
2/14/2024,45.1,46.2,44.1,44.5,147212
2/15/2024,45.0,45.0,43.5,43.8,164115
2/18/2024,44.2,44.2,41.7,42.0,390249
2/19/2024,42.0,43.1,41.2,42.7,233283
2/20/2024,43.5,44.7,43.0,43.2,203140
